RESPONSE,1,9
RESPONSE,1,12
RESPONSE,1,12
RESPONSE,1,4
RESPONSE,1,12
RESPONSE,1,4
RESPONSE,1,64
RESPONSE,1,4
RESPONSE,1,12
RESPONSE,1,3
RESPONSE,1,12
RESPONSE,1,3
RESPONSE,1,3
RESPONSE,1,59
RESPONSE,1,3
RESPONSE,1,12
RESPONSE,1,4
RESPONSE,1,12
RESPONSE,1,4
RESPONSE,1,64
RESPONSE,1,12
RESPONSE,1,12
RESPONSE,1,11
RESPONSE,1,59
RESPONSE,1,13
RESPONSE,1,11
RESPONSE,1,65
RESPONSE,1,3
RESPONSE,1,11
RESPONSE,1,3
RESPONSE,1,11
RESPONSE,1,3
RESPONSE,1,4
RESPONSE,1,60
RESPONSE,1,11
RESPONSE,1,16
RESPONSE,1,11
RESPONSE,1,63
RESPONSE,1,11
RESPONSE,1,11
RESPONSE,1,13
RESPONSE,1,4
RESPONSE,1,61
RESPONSE,1,13
RESPONSE,1,12
RESPONSE,1,64
RESPONSE,1,3
RESPONSE,1,11
RESPONSE,1,3
RESPONSE,1,11
RESPONSE,1,4
RESPONSE,1,12
RESPONSE,1,51
RESPONSE,1,11
RESPONSE,1,3
RESPONSE,1,11
RESPONSE,1,3
RESPONSE,1,13
RESPONSE,1,56
RESPONSE,1,13
RESPONSE,1,11
RESPONSE,1,4
RESPONSE,1,11
RESPONSE,1,3
RESPONSE,1,59
RESPONSE,1,3
RESPONSE,1,13
RESPONSE,1,3
RESPONSE,1,11
RESPONSE,1,3
RESPONSE,1,64
RESPONSE,1,4
RESPONSE,1,12
RESPONSE,1,12
RESPONSE,1,60
RESPONSE,1,13
RESPONSE,1,4
RESPONSE,1,12
RESPONSE,1,11
RESPONSE,1,63
RESPONSE,1,11
RESPONSE,1,12
RESPONSE,1,4
RESPONSE,1,4
RESPONSE,1,3
RESPONSE,1,59
RESPONSE,1,3
RESPONSE,1,13
RESPONSE,1,3
RESPONSE,1,11
RESPONSE,1,3
RESPONSE,1,64
RESPONSE,1,4
RESPONSE,1,11
RESPONSE,1,3
RESPONSE,1,12
RESPONSE,1,63
RESPONSE,1,14
RESPONSE,1,13
RESPONSE,1,15
RESPONSE,1,65
RESPONSE,1,14
RESPONSE,1,14
RESPONSE,1,61
RESPONSE,1,16
RESPONSE,1,14
RESPONSE,1,66
RESPONSE,1,13
RESPONSE,1,13
RESPONSE,1,14
RESPONSE,1,59
RESPONSE,1,4
RESPONSE,1,13
RESPONSE,1,4
RESPONSE,1,13
RESPONSE,1,66
RESPONSE,1,14
RESPONSE,1,14
RESPONSE,1,14
RESPONSE,1,60
RESPONSE,1,12
RESPONSE,1,12
RESPONSE,1,4
RESPONSE,1,63
RESPONSE,1,3
RESPONSE,1,11
RESPONSE,1,3
RESPONSE,1,11
RESPONSE,1,3
RESPONSE,1,11
RESPONSE,1,51
RESPONSE,1,12
RESPONSE,1,12
RESPONSE,1,14
RESPONSE,1,64
RESPONSE,1,11
RESPONSE,1,4
RESPONSE,1,11
RESPONSE,1,12
RESPONSE,1,61
RESPONSE,1,12
RESPONSE,1,12
RESPONSE,1,12
RESPONSE,1,66
RESPONSE,1,12
RESPONSE,1,3
RESPONSE,1,11
RESPONSE,1,3
RESPONSE,1,60
RESPONSE,1,13
RESPONSE,1,12
RESPONSE,1,12
RESPONSE,1,64
RESPONSE,1,12
RESPONSE,1,12
RESPONSE,1,3
RESPONSE,1,13
RESPONSE,1,52
RESPONSE,1,13
RESPONSE,1,3
RESPONSE,1,11
RESPONSE,1,3
RESPONSE,1,11
RESPONSE,1,56
RESPONSE,1,13
RESPONSE,1,12
RESPONSE,1,14
RESPONSE,1,3
RESPONSE,1,59
RESPONSE,1,3
RESPONSE,1,11
RESPONSE,1,3
RESPONSE,1,12
RESPONSE,1,3
RESPONSE,1,65
RESPONSE,1,5
RESPONSE,1,12
RESPONSE,1,11
RESPONSE,1,13
RESPONSE,1,59
RESPONSE,1,12
RESPONSE,1,11
RESPONSE,1,11
RESPONSE,1,64
RESPONSE,1,14
RESPONSE,1,11
RESPONSE,1,11
RESPONSE,1,60
RESPONSE,1,3
RESPONSE,1,12
RESPONSE,1,13
RESPONSE,1,63
RESPONSE,1,11
RESPONSE,1,13
RESPONSE,1,4
RESPONSE,1,12
RESPONSE,1,4
RESPONSE,1,59
RESPONSE,1,3
RESPONSE,1,11
RESPONSE,1,13
RESPONSE,1,65
RESPONSE,1,14
RESPONSE,1,11
RESPONSE,1,12
RESPONSE,1,64
RESPONSE,1,3
RESPONSE,1,14
RESPONSE,1,4
RESPONSE,1,14
RESPONSE,1,66
RESPONSE,1,13
RESPONSE,1,14
RESPONSE,1,3
RESPONSE,1,3
RESPONSE,1,58
RESPONSE,1,12
RESPONSE,1,12
RESPONSE,1,13
RESPONSE,1,56
RESPONSE,1,13
RESPONSE,1,12
RESPONSE,1,12
RESPONSE,1,60
RESPONSE,1,12
RESPONSE,1,12
RESPONSE,1,11
RESPONSE,1,3
RESPONSE,1,59
RESPONSE,1,3
RESPONSE,1,11
RESPONSE,1,11
RESPONSE,1,13
RESPONSE,1,64
RESPONSE,1,10
RESPONSE,1,3
RESPONSE,1,10
RESPONSE,1,9
RESPONSE,1,3
RESPONSE,2,2
RESPONSE,2,10
RESPONSE,2,3
RESPONSE,2,12
RESPONSE,2,11
RESPONSE,2,16
RESPONSE,2,12
RESPONSE,2,12
RESPONSE,2,3
RESPONSE,2,65
RESPONSE,2,3
RESPONSE,2,11
RESPONSE,2,3
RESPONSE,2,11
RESPONSE,2,3
RESPONSE,2,11
RESPONSE,2,59
RESPONSE,2,13
RESPONSE,2,11
RESPONSE,2,11
RESPONSE,2,63
RESPONSE,2,11
RESPONSE,2,11
RESPONSE,2,4
RESPONSE,2,11
RESPONSE,2,51
RESPONSE,2,11
RESPONSE,2,3
RESPONSE,2,11
RESPONSE,2,3
RESPONSE,2,12
RESPONSE,2,56
RESPONSE,2,11
RESPONSE,2,3
RESPONSE,2,11
RESPONSE,2,4
RESPONSE,2,12
RESPONSE,2,4
RESPONSE,2,60
RESPONSE,2,11
RESPONSE,2,3
RESPONSE,2,12
RESPONSE,2,4
RESPONSE,2,60
RESPONSE,2,3
RESPONSE,2,12
RESPONSE,2,4
RESPONSE,2,14
RESPONSE,2,4
RESPONSE,2,62
RESPONSE,2,12
RESPONSE,2,11
RESPONSE,2,3
RESPONSE,2,11
RESPONSE,2,3
RESPONSE,2,61
RESPONSE,2,4
RESPONSE,2,12
RESPONSE,2,3
RESPONSE,2,13
RESPONSE,2,61
RESPONSE,2,12
RESPONSE,2,12
RESPONSE,2,65
RESPONSE,2,13
RESPONSE,2,4
RESPONSE,2,12
RESPONSE,2,3
RESPONSE,2,11
RESPONSE,2,3
RESPONSE,2,60
RESPONSE,2,4
RESPONSE,2,4
RESPONSE,2,12
RESPONSE,2,4
RESPONSE,2,64
RESPONSE,2,4
RESPONSE,2,12
RESPONSE,2,3
RESPONSE,2,11
RESPONSE,2,4
RESPONSE,2,11
RESPONSE,2,52
RESPONSE,2,13
RESPONSE,2,4
RESPONSE,2,12
RESPONSE,2,11
RESPONSE,2,63
RESPONSE,2,3
RESPONSE,2,13
RESPONSE,2,11
RESPONSE,2,61
RESPONSE,2,14
RESPONSE,2,12
RESPONSE,2,12
RESPONSE,2,3
RESPONSE,2,3
RESPONSE,2,63
RESPONSE,2,3
RESPONSE,2,11
RESPONSE,2,11
RESPONSE,2,11
RESPONSE,2,59
RESPONSE,2,3
RESPONSE,2,13
RESPONSE,2,11
RESPONSE,2,64
RESPONSE,2,3
RESPONSE,2,12
RESPONSE,2,3
RESPONSE,2,12
RESPONSE,2,3
RESPONSE,2,60
RESPONSE,2,11
RESPONSE,2,12
RESPONSE,2,12
RESPONSE,2,64
RESPONSE,2,11
RESPONSE,2,12
RESPONSE,2,11
RESPONSE,2,11
RESPONSE,2,59
RESPONSE,2,11
RESPONSE,2,12
RESPONSE,2,11
RESPONSE,2,64
RESPONSE,2,3
RESPONSE,2,11
RESPONSE,2,12
RESPONSE,2,60
RESPONSE,2,13
RESPONSE,2,13
RESPONSE,2,11
RESPONSE,2,64
RESPONSE,2,4
RESPONSE,2,12
RESPONSE,2,4
RESPONSE,2,4
RESPONSE,2,12
RESPONSE,2,3
RESPONSE,2,60
RESPONSE,2,3
RESPONSE,2,11
RESPONSE,2,4
RESPONSE,2,12
RESPONSE,2,4
RESPONSE,2,64
RESPONSE,2,4
RESPONSE,2,11
RESPONSE,2,3
RESPONSE,2,12
RESPONSE,2,59
RESPONSE,2,11
RESPONSE,2,11
RESPONSE,2,4
RESPONSE,2,11
RESPONSE,2,3
RESPONSE,2,63
RESPONSE,2,12
RESPONSE,2,11
RESPONSE,2,11
RESPONSE,2,59
RESPONSE,2,4
RESPONSE,2,12
RESPONSE,2,3
RESPONSE,2,12
RESPONSE,2,3
RESPONSE,2,64
RESPONSE,2,3
RESPONSE,2,11
RESPONSE,2,3
RESPONSE,2,3
RESPONSE,2,11
RESPONSE,2,59
RESPONSE,2,11
RESPONSE,2,11
RESPONSE,2,11
RESPONSE,2,64
RESPONSE,2,11
RESPONSE,2,12
RESPONSE,2,12
RESPONSE,2,12
RESPONSE,2,52
RESPONSE,2,12
RESPONSE,2,12
RESPONSE,2,11
RESPONSE,2,64
RESPONSE,2,13
RESPONSE,2,11
RESPONSE,2,3
RESPONSE,2,13
RESPONSE,2,3
RESPONSE,2,59
RESPONSE,2,4
RESPONSE,2,11
RESPONSE,2,3
RESPONSE,2,11
RESPONSE,2,3
RESPONSE,2,63
RESPONSE,2,3
RESPONSE,2,12
RESPONSE,2,3
RESPONSE,2,13
RESPONSE,2,3
RESPONSE,2,59
RESPONSE,2,3
RESPONSE,2,12
RESPONSE,2,11
RESPONSE,2,64
RESPONSE,2,3
RESPONSE,2,11
RESPONSE,2,4
RESPONSE,2,11
RESPONSE,2,3
RESPONSE,2,11
RESPONSE,2,59
RESPONSE,2,11
RESPONSE,2,11
RESPONSE,2,11
RESPONSE,2,63
RESPONSE,2,12
RESPONSE,2,13
RESPONSE,2,3
RESPONSE,2,11
RESPONSE,2,52
RESPONSE,2,11
RESPONSE,2,3
RESPONSE,2,11
RESPONSE,2,3
RESPONSE,2,11
RESPONSE,2,65
RESPONSE,2,11
RESPONSE,2,3
RESPONSE,2,12
RESPONSE,2,3
RESPONSE,2,60
RESPONSE,2,3
RESPONSE,2,11
RESPONSE,2,12
RESPONSE,3,9
RESPONSE,3,11
RESPONSE,3,3
RESPONSE,3,13
RESPONSE,3,51
RESPONSE,3,14
RESPONSE,3,12
RESPONSE,3,65
RESPONSE,3,11
RESPONSE,3,12
RESPONSE,3,13
RESPONSE,3,66
RESPONSE,3,12
RESPONSE,3,10
RESPONSE,3,12
RESPONSE,3,60
RESPONSE,3,12
RESPONSE,3,12
RESPONSE,3,13
RESPONSE,3,66
RESPONSE,3,12
RESPONSE,3,11
RESPONSE,3,12
RESPONSE,3,61
RESPONSE,3,12
RESPONSE,3,11
RESPONSE,3,12
RESPONSE,3,66
RESPONSE,3,12
RESPONSE,3,12
RESPONSE,3,12
RESPONSE,3,60
RESPONSE,3,12
RESPONSE,3,12
RESPONSE,3,64
RESPONSE,3,14
RESPONSE,3,14
RESPONSE,3,13
RESPONSE,3,59
RESPONSE,3,13
RESPONSE,3,12
RESPONSE,3,13
RESPONSE,3,4
RESPONSE,3,65
RESPONSE,3,11
RESPONSE,3,13
RESPONSE,3,13
RESPONSE,3,59
RESPONSE,3,11
RESPONSE,3,13
RESPONSE,3,3
RESPONSE,3,63
RESPONSE,3,3
RESPONSE,3,12
RESPONSE,3,3
RESPONSE,3,14
RESPONSE,3,4
RESPONSE,3,60
RESPONSE,3,3
RESPONSE,3,12
RESPONSE,3,4
RESPONSE,3,12
RESPONSE,3,4
RESPONSE,3,64
RESPONSE,3,3
RESPONSE,3,11
RESPONSE,3,3
RESPONSE,3,14
RESPONSE,3,66
RESPONSE,3,11
RESPONSE,3,12
RESPONSE,3,13
RESPONSE,3,64
RESPONSE,3,4
RESPONSE,3,14
RESPONSE,3,4
RESPONSE,3,15
RESPONSE,3,51
RESPONSE,3,13
RESPONSE,3,12
RESPONSE,3,14
RESPONSE,3,4
RESPONSE,3,59
RESPONSE,3,12
RESPONSE,3,11
RESPONSE,3,12
RESPONSE,3,59
RESPONSE,3,14
RESPONSE,3,4
RESPONSE,3,11
RESPONSE,3,12
RESPONSE,3,60
RESPONSE,3,11
RESPONSE,3,11
RESPONSE,3,11
RESPONSE,3,64
RESPONSE,3,11
RESPONSE,3,3
RESPONSE,3,11
RESPONSE,3,4
RESPONSE,3,11
RESPONSE,3,52
RESPONSE,3,12
RESPONSE,3,3
RESPONSE,3,12
RESPONSE,3,4
RESPONSE,3,11
RESPONSE,3,61
RESPONSE,3,15
RESPONSE,3,12
RESPONSE,3,66
RESPONSE,3,13
RESPONSE,3,12
RESPONSE,3,13
RESPONSE,3,61
RESPONSE,3,4
RESPONSE,3,11
RESPONSE,3,4
RESPONSE,3,13
RESPONSE,3,62
RESPONSE,3,14
RESPONSE,3,12
RESPONSE,3,4
RESPONSE,3,12
RESPONSE,3,3
RESPONSE,3,59
RESPONSE,3,3
RESPONSE,3,11
RESPONSE,3,14
RESPONSE,3,64
RESPONSE,3,13
RESPONSE,3,13
RESPONSE,3,13
RESPONSE,3,60
RESPONSE,3,13
RESPONSE,3,13
RESPONSE,3,4
RESPONSE,3,66
RESPONSE,3,4
RESPONSE,3,15
RESPONSE,3,4
RESPONSE,3,14
RESPONSE,3,4
RESPONSE,3,61
RESPONSE,3,4
RESPONSE,3,14
RESPONSE,3,4
RESPONSE,3,12
RESPONSE,3,56
RESPONSE,3,11
RESPONSE,3,11
RESPONSE,3,11
RESPONSE,3,63
RESPONSE,3,11
RESPONSE,3,11
RESPONSE,3,11
RESPONSE,3,66
RESPONSE,3,13
RESPONSE,3,14
RESPONSE,3,66
RESPONSE,3,4
RESPONSE,3,13
RESPONSE,3,3
RESPONSE,3,4
RESPONSE,3,12
RESPONSE,3,3
RESPONSE,3,63
RESPONSE,3,3
RESPONSE,3,11
RESPONSE,3,11
RESPONSE,3,11
RESPONSE,3,61
RESPONSE,3,11
RESPONSE,3,14
RESPONSE,3,65
RESPONSE,3,14
RESPONSE,3,14
RESPONSE,3,11
RESPONSE,3,59
RESPONSE,3,11
RESPONSE,3,12
RESPONSE,3,11
RESPONSE,3,63
RESPONSE,3,13
RESPONSE,3,11
RESPONSE,3,11
RESPONSE,3,11
RESPONSE,3,59
RESPONSE,3,11
RESPONSE,3,11
RESPONSE,3,11
RESPONSE,3,65
RESPONSE,3,11
RESPONSE,3,11
RESPONSE,3,11
RESPONSE,3,61
RESPONSE,3,11
RESPONSE,3,4
RESPONSE,3,13
RESPONSE,3,65
RESPONSE,3,3
RESPONSE,3,11
RESPONSE,3,4
RESPONSE,3,3
RESPONSE,3,14
RESPONSE,3,57
RESPONSE,3,15
RESPONSE,3,13
RESPONSE,3,14
RESPONSE,3,4
RESPONSE,3,58
RESPONSE,3,10
RESPONSE,3,4
RESPONSE,3,12
RESPONSE,3,12
RESPONSE,3,56
RESPONSE,3,11
RESPONSE,3,11
RESPONSE,3,9
RESPONSE,3,9
RESPONSE,3,59
RESPONSE,3,4
RESPONSE,3,7
RESPONSE,3,4
RESPONSE,3,10
RESPONSE,3,8
RESPONSE,3,55
RESPONSE,3,5
RESPONSE,3,4
RESPONSE,3,4
RESPONSE,3,4
RESPONSE,3,2
RESPONSE,3,3
RESPONSE,3,3
RESPONSE,3,4
RESPONSE,3,2
RESPONSE,3,2
RESPONSE,3,2
RESPONSE,3,2
RESPONSE,4,5
RESPONSE,4,6
RESPONSE,4,2
RESPONSE,4,14
RESPONSE,4,3
RESPONSE,4,6
RESPONSE,4,11
RESPONSE,4,3
RESPONSE,4,9
RESPONSE,4,55
RESPONSE,4,2
RESPONSE,4,3
RESPONSE,4,9
RESPONSE,4,5
RESPONSE,4,8
RESPONSE,4,8
RESPONSE,4,7
RESPONSE,4,55
RESPONSE,4,4
RESPONSE,4,7
RESPONSE,4,7
RESPONSE,4,8
RESPONSE,4,8
RESPONSE,4,59
RESPONSE,4,8
RESPONSE,4,8
RESPONSE,4,2
RESPONSE,4,3
RESPONSE,4,10
RESPONSE,4,4
RESPONSE,4,10
RESPONSE,4,56
RESPONSE,4,8
RESPONSE,4,9
RESPONSE,4,8
RESPONSE,4,8
RESPONSE,4,3
RESPONSE,4,61
RESPONSE,4,4
RESPONSE,4,8
RESPONSE,4,13
RESPONSE,4,8
RESPONSE,4,55
RESPONSE,4,8
RESPONSE,4,8
RESPONSE,4,6
RESPONSE,4,7
RESPONSE,4,4
RESPONSE,4,4
RESPONSE,4,61
RESPONSE,4,10
RESPONSE,4,2
RESPONSE,4,9
RESPONSE,4,7
RESPONSE,4,3
RESPONSE,4,7
RESPONSE,4,58
RESPONSE,4,3
RESPONSE,4,5
RESPONSE,4,8
RESPONSE,4,8
RESPONSE,4,7
RESPONSE,4,3
RESPONSE,4,7
RESPONSE,4,52
RESPONSE,4,2
RESPONSE,4,9
RESPONSE,4,2
RESPONSE,4,4
RESPONSE,4,3
RESPONSE,4,9
RESPONSE,4,9
RESPONSE,4,54
RESPONSE,4,4
RESPONSE,4,8
RESPONSE,4,3
RESPONSE,4,8
RESPONSE,4,9
RESPONSE,4,2
RESPONSE,4,5
RESPONSE,4,4
RESPONSE,4,61
RESPONSE,4,8
RESPONSE,4,4
RESPONSE,4,4
RESPONSE,4,4
RESPONSE,4,9
RESPONSE,4,4
RESPONSE,4,63
RESPONSE,4,3
RESPONSE,4,9
RESPONSE,4,4
RESPONSE,4,4
RESPONSE,4,8
RESPONSE,4,7
RESPONSE,4,61
RESPONSE,4,8
RESPONSE,4,11
RESPONSE,4,9
RESPONSE,4,3
RESPONSE,4,3
RESPONSE,4,57
RESPONSE,4,11
RESPONSE,4,10
RESPONSE,4,6
RESPONSE,4,8
RESPONSE,4,7
RESPONSE,4,55
RESPONSE,4,9
RESPONSE,4,12
RESPONSE,4,2
RESPONSE,4,11
RESPONSE,4,10
RESPONSE,4,51
RESPONSE,4,3
RESPONSE,4,4
RESPONSE,4,8
RESPONSE,4,8
RESPONSE,4,9
RESPONSE,4,7
RESPONSE,4,2
RESPONSE,4,60
RESPONSE,4,9
RESPONSE,4,8
RESPONSE,4,8
RESPONSE,4,2
RESPONSE,4,63
RESPONSE,4,4
RESPONSE,4,11
RESPONSE,4,8
RESPONSE,4,2
RESPONSE,4,4
RESPONSE,4,8
RESPONSE,4,61
RESPONSE,4,3
RESPONSE,4,8
RESPONSE,4,4
RESPONSE,4,5
RESPONSE,4,8
RESPONSE,4,8
RESPONSE,4,58
RESPONSE,4,9
RESPONSE,4,3
RESPONSE,4,3
RESPONSE,4,8
RESPONSE,4,12
RESPONSE,4,8
RESPONSE,4,4
RESPONSE,4,58
RESPONSE,4,9
RESPONSE,4,2
RESPONSE,4,5
RESPONSE,4,9
RESPONSE,4,62
RESPONSE,4,8
RESPONSE,4,9
RESPONSE,4,4
RESPONSE,4,6
RESPONSE,4,3
RESPONSE,4,6
RESPONSE,4,10
RESPONSE,4,57
RESPONSE,4,4
RESPONSE,4,3
RESPONSE,4,10
RESPONSE,4,4
RESPONSE,4,10
RESPONSE,4,61
RESPONSE,4,3
RESPONSE,4,7
RESPONSE,4,9
RESPONSE,4,10
RESPONSE,4,6
RESPONSE,4,60
RESPONSE,4,9
RESPONSE,4,4
RESPONSE,4,10
RESPONSE,4,8
RESPONSE,4,8
RESPONSE,4,54
RESPONSE,4,10
RESPONSE,4,3
RESPONSE,4,9
RESPONSE,4,3
RESPONSE,4,5
RESPONSE,4,3
RESPONSE,4,7
RESPONSE,4,56
RESPONSE,4,8
RESPONSE,4,3
RESPONSE,4,11
RESPONSE,4,8
RESPONSE,4,7
RESPONSE,4,57
RESPONSE,4,8
RESPONSE,4,9
RESPONSE,4,9
RESPONSE,4,8
RESPONSE,4,8
RESPONSE,4,56
RESPONSE,4,3
RESPONSE,4,10
RESPONSE,4,8
RESPONSE,4,2
RESPONSE,4,3
RESPONSE,4,4
RESPONSE,4,3
RESPONSE,4,64
RESPONSE,4,3
RESPONSE,4,10
RESPONSE,4,10
RESPONSE,4,7
RESPONSE,4,3
RESPONSE,4,6
RESPONSE,4,56
RESPONSE,4,8
RESPONSE,4,5
RESPONSE,4,4
RESPONSE,4,5
RESPONSE,4,9
RESPONSE,4,6
RESPONSE,4,60
RESPONSE,4,7
RESPONSE,4,5
RESPONSE,4,7
RESPONSE,4,7
RESPONSE,4,5
RESPONSE,4,3
RESPONSE,4,3
RESPONSE,4,2
RESPONSE,4,50
RESPONSE,4,2
RESPONSE,4,2
RESPONSE,4,2
RESPONSE,4,2
RESPONSE,4,2
RESPONSE,4,2
RESPONSE,4,2
RESPONSE,4,2
RESPONSE,5,3
RESPONSE,5,3
RESPONSE,5,4
RESPONSE,5,3
RESPONSE,5,8
RESPONSE,5,4
RESPONSE,5,9
RESPONSE,5,28
RESPONSE,5,2
RESPONSE,5,3
RESPONSE,5,3
RESPONSE,5,6
RESPONSE,5,9
RESPONSE,5,4
RESPONSE,5,6
RESPONSE,5,7
RESPONSE,5,61
RESPONSE,5,6
RESPONSE,5,7
RESPONSE,5,3
RESPONSE,5,4
RESPONSE,5,4
RESPONSE,5,10
RESPONSE,5,63
RESPONSE,5,13
RESPONSE,5,2
RESPONSE,5,3
RESPONSE,5,8
RESPONSE,5,7
RESPONSE,5,61
RESPONSE,5,9
RESPONSE,5,8
RESPONSE,5,10
RESPONSE,5,10
RESPONSE,5,3
RESPONSE,5,57
RESPONSE,5,9
RESPONSE,5,3
RESPONSE,5,4
RESPONSE,5,10
RESPONSE,5,6
RESPONSE,5,3
RESPONSE,5,54
RESPONSE,5,4
RESPONSE,5,8
RESPONSE,5,4
RESPONSE,5,11
RESPONSE,5,9
RESPONSE,5,9
RESPONSE,5,51
RESPONSE,5,4
RESPONSE,5,8
RESPONSE,5,4
RESPONSE,5,3
RESPONSE,5,9
RESPONSE,5,7
RESPONSE,5,4
RESPONSE,5,61
RESPONSE,5,10
RESPONSE,5,4
RESPONSE,5,9
RESPONSE,5,7
RESPONSE,5,2
RESPONSE,5,58
RESPONSE,5,6
RESPONSE,5,9
RESPONSE,5,4
RESPONSE,5,6
RESPONSE,5,6
RESPONSE,5,3
RESPONSE,5,61
RESPONSE,5,7
RESPONSE,5,8
RESPONSE,5,10
RESPONSE,5,9
RESPONSE,5,7
RESPONSE,5,63
RESPONSE,5,7
RESPONSE,5,6
RESPONSE,5,8
RESPONSE,5,11
RESPONSE,5,3
RESPONSE,5,58
RESPONSE,5,9
RESPONSE,5,9
RESPONSE,5,7
RESPONSE,5,8
RESPONSE,5,8
RESPONSE,5,59
RESPONSE,5,10
RESPONSE,5,8
RESPONSE,5,9
RESPONSE,5,3
RESPONSE,5,8
RESPONSE,5,56
RESPONSE,5,4
RESPONSE,5,9
RESPONSE,5,8
RESPONSE,5,2
RESPONSE,5,7
RESPONSE,5,62
RESPONSE,5,12
RESPONSE,5,9
RESPONSE,5,9
RESPONSE,5,2
RESPONSE,5,8
RESPONSE,5,56
RESPONSE,5,8
RESPONSE,5,3
RESPONSE,5,8
RESPONSE,5,3
RESPONSE,5,3
RESPONSE,5,10
RESPONSE,5,60
RESPONSE,5,7
RESPONSE,5,9
RESPONSE,5,4
RESPONSE,5,3
RESPONSE,5,8
RESPONSE,5,7
RESPONSE,5,55
RESPONSE,5,2
RESPONSE,5,9
RESPONSE,5,4
RESPONSE,5,7
RESPONSE,5,8
RESPONSE,5,7
RESPONSE,5,58
RESPONSE,5,4
RESPONSE,5,6
RESPONSE,5,8
RESPONSE,5,4
RESPONSE,5,6
RESPONSE,5,7
RESPONSE,5,3
RESPONSE,5,57
RESPONSE,5,4
RESPONSE,5,3
RESPONSE,5,9
RESPONSE,5,4
RESPONSE,5,6
RESPONSE,5,10
RESPONSE,5,63
RESPONSE,5,10
RESPONSE,5,10
RESPONSE,5,8
RESPONSE,5,3
RESPONSE,5,3
RESPONSE,5,7
RESPONSE,5,53
RESPONSE,5,3
RESPONSE,5,9
RESPONSE,5,3
RESPONSE,5,3
RESPONSE,5,8
RESPONSE,5,9
RESPONSE,5,4
RESPONSE,5,60
RESPONSE,5,8
RESPONSE,5,2
RESPONSE,5,3
RESPONSE,5,7
RESPONSE,5,7
RESPONSE,5,4
RESPONSE,5,57
RESPONSE,5,4
RESPONSE,5,9
RESPONSE,5,11
RESPONSE,5,8
RESPONSE,5,8
RESPONSE,5,3
RESPONSE,5,60
RESPONSE,5,4
RESPONSE,5,8
RESPONSE,5,6
RESPONSE,5,3
RESPONSE,5,10
RESPONSE,5,58
RESPONSE,5,8
RESPONSE,5,3
RESPONSE,5,9
RESPONSE,5,3
RESPONSE,5,3
RESPONSE,5,9
RESPONSE,5,4
RESPONSE,5,55
RESPONSE,5,10
RESPONSE,5,8
RESPONSE,5,6
RESPONSE,5,8
RESPONSE,5,8
RESPONSE,5,57
RESPONSE,5,3
RESPONSE,5,7
RESPONSE,5,9
RESPONSE,5,4
RESPONSE,5,3
RESPONSE,5,8
RESPONSE,5,60
RESPONSE,5,8
RESPONSE,5,7
RESPONSE,5,3
RESPONSE,5,3
RESPONSE,5,9
RESPONSE,5,10
RESPONSE,5,4
RESPONSE,5,50
RESPONSE,5,9
RESPONSE,5,2
RESPONSE,5,10
RESPONSE,5,8
RESPONSE,5,10
RESPONSE,5,62
RESPONSE,5,3
RESPONSE,5,8
RESPONSE,5,8
RESPONSE,5,9
RESPONSE,5,8
RESPONSE,5,58
RESPONSE,5,3
RESPONSE,5,10
RESPONSE,5,9
RESPONSE,5,8
RESPONSE,5,6
RESPONSE,5,58
RESPONSE,5,3
RESPONSE,5,2
RESPONSE,5,3
RESPONSE,5,3
RESPONSE,5,2
RESPONSE,5,3
RESPONSE,5,4
RESPONSE,5,2
RESPONSE,5,2
RESPONSE,5,2
RESPONSE,5,2
RESPONSE,5,2
RESPONSE,5,2
RESPONSE,5,2
RESPONSE,6,3
RESPONSE,6,7
RESPONSE,6,3
RESPONSE,6,4
RESPONSE,6,10
RESPONSE,6,7
RESPONSE,6,2
RESPONSE,6,4
RESPONSE,6,9
RESPONSE,6,54
RESPONSE,6,2
RESPONSE,6,9
RESPONSE,6,10
RESPONSE,6,6
RESPONSE,6,4
RESPONSE,6,9
RESPONSE,6,51
RESPONSE,6,3
RESPONSE,6,3
RESPONSE,6,3
RESPONSE,6,10
RESPONSE,6,10
RESPONSE,6,4
RESPONSE,6,4
RESPONSE,6,3
RESPONSE,6,61
RESPONSE,6,9
RESPONSE,6,7
RESPONSE,6,8
RESPONSE,6,9
RESPONSE,6,58
RESPONSE,6,8
RESPONSE,6,8
RESPONSE,6,3
RESPONSE,6,6
RESPONSE,6,10
RESPONSE,6,60
RESPONSE,6,7
RESPONSE,6,3
RESPONSE,6,8
RESPONSE,6,13
RESPONSE,6,3
RESPONSE,6,5
RESPONSE,6,7
RESPONSE,6,55
RESPONSE,6,3
RESPONSE,6,4
RESPONSE,6,8
RESPONSE,6,3
RESPONSE,6,10
RESPONSE,6,62
RESPONSE,6,8
RESPONSE,6,7
RESPONSE,6,7
RESPONSE,6,4
RESPONSE,6,9
RESPONSE,6,3
RESPONSE,6,58
RESPONSE,6,11
RESPONSE,6,7
RESPONSE,6,6
RESPONSE,6,8
RESPONSE,6,63
RESPONSE,6,9
RESPONSE,6,5
RESPONSE,6,5
RESPONSE,6,8
RESPONSE,6,9
RESPONSE,6,11
RESPONSE,6,52
RESPONSE,6,8
RESPONSE,6,6
RESPONSE,6,9
RESPONSE,6,10
RESPONSE,6,63
RESPONSE,6,3
RESPONSE,6,4
RESPONSE,6,8
RESPONSE,6,6
RESPONSE,6,8
RESPONSE,6,8
RESPONSE,6,56
RESPONSE,6,10
RESPONSE,6,4
RESPONSE,6,8
RESPONSE,6,8
RESPONSE,6,3
RESPONSE,6,11
RESPONSE,6,57
RESPONSE,6,11
RESPONSE,6,4
RESPONSE,6,10
RESPONSE,6,8
RESPONSE,6,7
RESPONSE,6,53
RESPONSE,6,9
RESPONSE,6,8
RESPONSE,6,6
RESPONSE,6,6
RESPONSE,6,9
RESPONSE,6,60
RESPONSE,6,11
RESPONSE,6,11
RESPONSE,6,9
RESPONSE,6,4
RESPONSE,6,3
RESPONSE,6,57
RESPONSE,6,9
RESPONSE,6,8
RESPONSE,6,9
RESPONSE,6,10
RESPONSE,6,62
RESPONSE,6,3
RESPONSE,6,3
RESPONSE,6,8
RESPONSE,6,7
RESPONSE,6,9
RESPONSE,6,8
RESPONSE,6,3
RESPONSE,6,56
RESPONSE,6,4
RESPONSE,6,10
RESPONSE,6,10
RESPONSE,6,8
RESPONSE,6,62
RESPONSE,6,7
RESPONSE,6,4
RESPONSE,6,4
RESPONSE,6,3
RESPONSE,6,3
RESPONSE,6,2
RESPONSE,6,4
RESPONSE,6,6
RESPONSE,6,4
RESPONSE,6,53
RESPONSE,6,11
RESPONSE,6,5
RESPONSE,6,3
RESPONSE,6,11
RESPONSE,6,2
RESPONSE,6,3
RESPONSE,6,61
RESPONSE,6,4
RESPONSE,6,10
RESPONSE,6,3
RESPONSE,6,7
RESPONSE,6,4
RESPONSE,6,4
RESPONSE,6,4
RESPONSE,6,58
RESPONSE,6,10
RESPONSE,6,4
RESPONSE,6,10
RESPONSE,6,10
RESPONSE,6,8
RESPONSE,6,61
RESPONSE,6,7
RESPONSE,6,3
RESPONSE,6,10
RESPONSE,6,9
RESPONSE,6,9
RESPONSE,6,57
RESPONSE,6,10
RESPONSE,6,3
RESPONSE,6,8
RESPONSE,6,8
RESPONSE,6,4
RESPONSE,6,58
RESPONSE,6,3
RESPONSE,6,7
RESPONSE,6,11
RESPONSE,6,8
RESPONSE,6,9
RESPONSE,6,3
RESPONSE,6,3
RESPONSE,6,52
RESPONSE,6,10
RESPONSE,6,10
RESPONSE,6,4
RESPONSE,6,4
RESPONSE,6,7
RESPONSE,6,2
RESPONSE,6,60
RESPONSE,6,4
RESPONSE,6,4
RESPONSE,6,2
RESPONSE,6,3
RESPONSE,6,9
RESPONSE,6,11
RESPONSE,6,56
RESPONSE,6,9
RESPONSE,6,6
RESPONSE,6,4
RESPONSE,6,10
RESPONSE,6,4
RESPONSE,6,11
RESPONSE,6,63
RESPONSE,6,3
RESPONSE,6,4
RESPONSE,6,9
RESPONSE,6,4
RESPONSE,6,4
RESPONSE,6,9
RESPONSE,6,59
RESPONSE,6,9
RESPONSE,6,4
RESPONSE,6,4
RESPONSE,6,8
RESPONSE,6,8
RESPONSE,6,60
RESPONSE,6,9
RESPONSE,6,12
RESPONSE,6,6
RESPONSE,6,8
RESPONSE,6,9
RESPONSE,6,56
RESPONSE,6,8
RESPONSE,6,2
RESPONSE,6,2
RESPONSE,6,2
RESPONSE,6,8
RESPONSE,6,8
RESPONSE,6,60
RESPONSE,6,4
RESPONSE,6,3
RESPONSE,6,2
RESPONSE,6,2
RESPONSE,6,2
RESPONSE,6,3
RESPONSE,6,2
RESPONSE,6,2
RESPONSE,6,4
RESPONSE,6,3
RESPONSE,6,2
RESPONSE,6,2
RESPONSE,6,2
RESPONSE,6,2
RESPONSE,6,2
RESPONSE,6,2
RESPONSE,7,2
RESPONSE,7,5
RESPONSE,7,5
RESPONSE,7,9
RESPONSE,7,4
RESPONSE,7,7
RESPONSE,7,16
RESPONSE,7,9
RESPONSE,7,7
RESPONSE,7,6
RESPONSE,7,3
RESPONSE,7,10
RESPONSE,7,62
RESPONSE,7,5
RESPONSE,7,3
RESPONSE,7,9
RESPONSE,7,3
RESPONSE,7,4
RESPONSE,7,10
RESPONSE,7,3
RESPONSE,7,3
RESPONSE,7,51
RESPONSE,7,4
RESPONSE,7,8
RESPONSE,7,3
RESPONSE,7,3
RESPONSE,7,3
RESPONSE,7,8
RESPONSE,7,4
RESPONSE,7,4
RESPONSE,7,65
RESPONSE,7,8
RESPONSE,7,7
RESPONSE,7,2
RESPONSE,7,6
RESPONSE,7,4
RESPONSE,7,6
RESPONSE,7,4
RESPONSE,7,52
RESPONSE,7,3
RESPONSE,7,8
RESPONSE,7,7
RESPONSE,7,8
RESPONSE,7,2
RESPONSE,7,9
RESPONSE,7,62
RESPONSE,7,8
RESPONSE,7,7
RESPONSE,7,10
RESPONSE,7,10
RESPONSE,7,2
RESPONSE,7,4
RESPONSE,7,50
RESPONSE,7,8
RESPONSE,7,3
RESPONSE,7,7
RESPONSE,7,9
RESPONSE,7,9
RESPONSE,7,62
RESPONSE,7,10
RESPONSE,7,4
RESPONSE,7,3
RESPONSE,7,3
RESPONSE,7,8
RESPONSE,7,8
RESPONSE,7,56
RESPONSE,7,10
RESPONSE,7,4
RESPONSE,7,3
RESPONSE,7,9
RESPONSE,7,9
RESPONSE,7,62
RESPONSE,7,2
RESPONSE,7,10
RESPONSE,7,8
RESPONSE,7,4
RESPONSE,7,10
RESPONSE,7,8
RESPONSE,7,56
RESPONSE,7,11
RESPONSE,7,4
RESPONSE,7,4
RESPONSE,7,3
RESPONSE,7,5
RESPONSE,7,10
RESPONSE,7,60
RESPONSE,7,9
RESPONSE,7,4
RESPONSE,7,2
RESPONSE,7,9
RESPONSE,7,9
RESPONSE,7,59
RESPONSE,7,5
RESPONSE,7,4
RESPONSE,7,6
RESPONSE,7,7
RESPONSE,7,12
RESPONSE,7,3
RESPONSE,7,4
RESPONSE,7,56
RESPONSE,7,11
RESPONSE,7,10
RESPONSE,7,6
RESPONSE,7,4
RESPONSE,7,3
RESPONSE,7,4
RESPONSE,7,4
RESPONSE,7,55
RESPONSE,7,4
RESPONSE,7,9
RESPONSE,7,9
RESPONSE,7,8
RESPONSE,7,62
RESPONSE,7,4
RESPONSE,7,7
RESPONSE,7,5
RESPONSE,7,11
RESPONSE,7,12
RESPONSE,7,8
RESPONSE,7,59
RESPONSE,7,3
RESPONSE,7,9
RESPONSE,7,2
RESPONSE,7,6
RESPONSE,7,4
RESPONSE,7,9
RESPONSE,7,58
RESPONSE,7,4
RESPONSE,7,3
RESPONSE,7,7
RESPONSE,7,9
RESPONSE,7,10
RESPONSE,7,5
RESPONSE,7,55
RESPONSE,7,8
RESPONSE,7,3
RESPONSE,7,6
RESPONSE,7,7
RESPONSE,7,9
RESPONSE,7,5
RESPONSE,7,56
RESPONSE,7,3
RESPONSE,7,10
RESPONSE,7,6
RESPONSE,7,3
RESPONSE,7,9
RESPONSE,7,9
RESPONSE,7,54
RESPONSE,7,8
RESPONSE,7,8
RESPONSE,7,3
RESPONSE,7,4
RESPONSE,7,6
RESPONSE,7,7
RESPONSE,7,55
RESPONSE,7,4
RESPONSE,7,8
RESPONSE,7,8
RESPONSE,7,8
RESPONSE,7,8
RESPONSE,7,4
RESPONSE,7,4
RESPONSE,7,56
RESPONSE,7,3
RESPONSE,7,3
RESPONSE,7,8
RESPONSE,7,10
RESPONSE,7,6
RESPONSE,7,8
RESPONSE,7,55
RESPONSE,7,5
RESPONSE,7,8
RESPONSE,7,4
RESPONSE,7,7
RESPONSE,7,4
RESPONSE,7,3
RESPONSE,7,9
RESPONSE,7,5
RESPONSE,7,52
RESPONSE,7,6
RESPONSE,7,4
RESPONSE,7,7
RESPONSE,7,8
RESPONSE,7,8
RESPONSE,7,5
RESPONSE,7,56
RESPONSE,7,4
RESPONSE,7,3
RESPONSE,7,7
RESPONSE,7,11
RESPONSE,7,11
RESPONSE,7,8
RESPONSE,7,51
RESPONSE,7,10
RESPONSE,7,10
RESPONSE,7,4
RESPONSE,7,4
RESPONSE,7,4
RESPONSE,7,3
RESPONSE,7,8
RESPONSE,7,62
RESPONSE,7,8
RESPONSE,7,9
RESPONSE,7,11
RESPONSE,7,8
RESPONSE,7,57
RESPONSE,7,4
RESPONSE,7,4
RESPONSE,7,3
RESPONSE,7,9
RESPONSE,7,8
RESPONSE,7,5
RESPONSE,7,60
RESPONSE,7,10
RESPONSE,7,3
RESPONSE,7,5
RESPONSE,7,9
RESPONSE,7,7
RESPONSE,7,10
RESPONSE,7,52
RESPONSE,7,2
RESPONSE,7,3
RESPONSE,7,6
RESPONSE,7,8
RESPONSE,7,8
RESPONSE,7,6
RESPONSE,7,3
RESPONSE,7,2
RESPONSE,7,55
RESPONSE,7,10
RESPONSE,7,8
RESPONSE,7,11
RESPONSE,7,7
RESPONSE,7,7
RESPONSE,7,56
RESPONSE,7,7
RESPONSE,7,8
RESPONSE,7,8
RESPONSE,7,3
RESPONSE,8,6
RESPONSE,8,7
RESPONSE,8,2
RESPONSE,8,6
RESPONSE,8,6
RESPONSE,8,3
RESPONSE,8,2
RESPONSE,8,4
RESPONSE,8,3
RESPONSE,8,3
RESPONSE,8,56
RESPONSE,8,9
RESPONSE,8,5
RESPONSE,8,8
RESPONSE,8,4
RESPONSE,8,4
RESPONSE,8,3
RESPONSE,8,60
RESPONSE,8,10
RESPONSE,8,10
RESPONSE,8,8
RESPONSE,8,8
RESPONSE,8,8
RESPONSE,8,53
RESPONSE,8,3
RESPONSE,8,8
RESPONSE,8,7
RESPONSE,8,9
RESPONSE,8,9
RESPONSE,8,58
RESPONSE,8,6
RESPONSE,8,3
RESPONSE,8,10
RESPONSE,8,8
RESPONSE,8,9
RESPONSE,8,10
RESPONSE,8,58
RESPONSE,8,8
RESPONSE,8,8
RESPONSE,8,4
RESPONSE,8,4
RESPONSE,8,8
RESPONSE,8,60
RESPONSE,8,3
RESPONSE,8,2
RESPONSE,8,2
RESPONSE,8,10
RESPONSE,8,4
RESPONSE,8,10
RESPONSE,8,62
RESPONSE,8,5
RESPONSE,8,9
RESPONSE,8,2
RESPONSE,8,13
RESPONSE,8,7
RESPONSE,8,5
RESPONSE,8,57
RESPONSE,8,4
RESPONSE,8,10
RESPONSE,8,10
RESPONSE,8,4
RESPONSE,8,10
RESPONSE,8,62
RESPONSE,8,4
RESPONSE,8,3
RESPONSE,8,3
RESPONSE,8,3
RESPONSE,8,3
RESPONSE,8,8
RESPONSE,8,2
RESPONSE,8,62
RESPONSE,8,8
RESPONSE,8,11
RESPONSE,8,4
RESPONSE,8,4
RESPONSE,8,4
RESPONSE,8,8
RESPONSE,8,61
RESPONSE,8,10
RESPONSE,8,3
RESPONSE,8,5
RESPONSE,8,8
RESPONSE,8,8
RESPONSE,8,8
RESPONSE,8,56
RESPONSE,8,11
RESPONSE,8,10
RESPONSE,8,4
RESPONSE,8,5
RESPONSE,8,6
RESPONSE,8,56
RESPONSE,8,6
RESPONSE,8,4
RESPONSE,8,4
RESPONSE,8,8
RESPONSE,8,8
RESPONSE,8,10
RESPONSE,8,4
RESPONSE,8,56
RESPONSE,8,8
RESPONSE,8,7
RESPONSE,8,7
RESPONSE,8,9
RESPONSE,8,7
RESPONSE,8,56
RESPONSE,8,8
RESPONSE,8,4
RESPONSE,8,3
RESPONSE,8,3
RESPONSE,8,8
RESPONSE,8,2
RESPONSE,8,8
RESPONSE,8,54
RESPONSE,8,2
RESPONSE,8,9
RESPONSE,8,3
RESPONSE,8,2
RESPONSE,8,10
RESPONSE,8,9
RESPONSE,8,8
RESPONSE,8,56
RESPONSE,8,8
RESPONSE,8,3
RESPONSE,8,5
RESPONSE,8,11
RESPONSE,8,6
RESPONSE,8,4
RESPONSE,8,57
RESPONSE,8,10
RESPONSE,8,6
RESPONSE,8,9
RESPONSE,8,8
RESPONSE,8,61
RESPONSE,8,2
RESPONSE,8,9
RESPONSE,8,9
RESPONSE,8,7
RESPONSE,8,10
RESPONSE,8,8
RESPONSE,8,3
RESPONSE,8,54
RESPONSE,8,8
RESPONSE,8,8
RESPONSE,8,8
RESPONSE,8,8
RESPONSE,8,60
RESPONSE,8,10
RESPONSE,8,10
RESPONSE,8,4
RESPONSE,8,4
RESPONSE,8,4
RESPONSE,8,8
RESPONSE,8,2
RESPONSE,8,57
RESPONSE,8,3
RESPONSE,8,6
RESPONSE,8,3
RESPONSE,8,8
RESPONSE,8,10
RESPONSE,8,2
RESPONSE,8,61
RESPONSE,8,8
RESPONSE,8,3
RESPONSE,8,10
RESPONSE,8,6
RESPONSE,8,6
RESPONSE,8,6
RESPONSE,8,56
RESPONSE,8,10
RESPONSE,8,8
RESPONSE,8,8
RESPONSE,8,7
RESPONSE,8,8
RESPONSE,8,60
RESPONSE,8,5
RESPONSE,8,13
RESPONSE,8,9
RESPONSE,8,4
RESPONSE,8,4
RESPONSE,8,8
RESPONSE,8,51
RESPONSE,8,10
RESPONSE,8,10
RESPONSE,8,9
RESPONSE,8,9
RESPONSE,8,4
RESPONSE,8,62
RESPONSE,8,7
RESPONSE,8,5
RESPONSE,8,7
RESPONSE,8,7
RESPONSE,8,3
RESPONSE,8,4
RESPONSE,8,3
RESPONSE,8,50
RESPONSE,8,3
RESPONSE,8,4
RESPONSE,8,10
RESPONSE,8,4
RESPONSE,8,6
RESPONSE,8,3
RESPONSE,8,9
RESPONSE,8,55
RESPONSE,8,8
RESPONSE,8,8
RESPONSE,8,3
RESPONSE,8,10
RESPONSE,8,10
RESPONSE,8,58
RESPONSE,8,2
RESPONSE,8,7
RESPONSE,8,9
RESPONSE,8,4
RESPONSE,8,10
RESPONSE,8,8
RESPONSE,8,59
RESPONSE,8,7
RESPONSE,8,9
RESPONSE,8,9
RESPONSE,8,4
RESPONSE,8,4
RESPONSE,8,3
RESPONSE,8,3
RESPONSE,8,51
RESPONSE,8,8
RESPONSE,8,4
RESPONSE,8,4
RESPONSE,8,6
RESPONSE,8,6
RESPONSE,8,2
RESPONSE,8,7
RESPONSE,8,3
RESPONSE,8,55
RESPONSE,8,3
RESPONSE,8,4
RESPONSE,8,4
RESPONSE,8,2
RESPONSE,8,2
RESPONSE,8,4
RESPONSE,9,3
RESPONSE,9,3
RESPONSE,9,8
RESPONSE,9,3
RESPONSE,9,4
RESPONSE,9,3
RESPONSE,9,8
RESPONSE,9,18
RESPONSE,9,9
RESPONSE,9,10
RESPONSE,9,8
RESPONSE,9,10
RESPONSE,9,60
RESPONSE,9,10
RESPONSE,9,3
RESPONSE,9,8
RESPONSE,9,2
RESPONSE,9,6
RESPONSE,9,10
RESPONSE,9,56
RESPONSE,9,9
RESPONSE,9,3
RESPONSE,9,6
RESPONSE,9,4
RESPONSE,9,8
RESPONSE,9,3
RESPONSE,9,61
RESPONSE,9,8
RESPONSE,9,4
RESPONSE,9,10
RESPONSE,9,6
RESPONSE,9,3
RESPONSE,9,9
RESPONSE,9,55
RESPONSE,9,7
RESPONSE,9,11
RESPONSE,9,8
RESPONSE,9,7
RESPONSE,9,10
RESPONSE,9,54
RESPONSE,9,4
RESPONSE,9,8
RESPONSE,9,6
RESPONSE,9,10
RESPONSE,9,11
RESPONSE,9,56
RESPONSE,9,8
RESPONSE,9,3
RESPONSE,9,4
RESPONSE,9,9
RESPONSE,9,9
RESPONSE,9,61
RESPONSE,9,10
RESPONSE,9,11
RESPONSE,9,8
RESPONSE,9,10
RESPONSE,9,3
RESPONSE,9,58
RESPONSE,9,2
RESPONSE,9,5
RESPONSE,9,3
RESPONSE,9,3
RESPONSE,9,9
RESPONSE,9,4
RESPONSE,9,3
RESPONSE,9,61
RESPONSE,9,9
RESPONSE,9,8
RESPONSE,9,7
RESPONSE,9,7
RESPONSE,9,9
RESPONSE,9,60
RESPONSE,9,8
RESPONSE,9,3
RESPONSE,9,9
RESPONSE,9,8
RESPONSE,9,11
RESPONSE,9,59
RESPONSE,9,8
RESPONSE,9,8
RESPONSE,9,3
RESPONSE,9,5
RESPONSE,9,9
RESPONSE,9,60
RESPONSE,9,2
RESPONSE,9,8
RESPONSE,9,3
RESPONSE,9,4
RESPONSE,9,3
RESPONSE,9,3
RESPONSE,9,8
RESPONSE,9,61
RESPONSE,9,3
RESPONSE,9,9
RESPONSE,9,8
RESPONSE,9,10
RESPONSE,9,10
RESPONSE,9,56
RESPONSE,9,6
RESPONSE,9,7
RESPONSE,9,7
RESPONSE,9,7
RESPONSE,9,7
RESPONSE,9,62
RESPONSE,9,3
RESPONSE,9,5
RESPONSE,9,7
RESPONSE,9,9
RESPONSE,9,4
RESPONSE,9,7
RESPONSE,9,3
RESPONSE,9,52
RESPONSE,9,8
RESPONSE,9,7
RESPONSE,9,10
RESPONSE,9,2
RESPONSE,9,7
RESPONSE,9,9
RESPONSE,9,53
RESPONSE,9,3
RESPONSE,9,8
RESPONSE,9,3
RESPONSE,9,10
RESPONSE,9,9
RESPONSE,9,3
RESPONSE,9,57
RESPONSE,9,2
RESPONSE,9,5
RESPONSE,9,9
RESPONSE,9,9
RESPONSE,9,9
RESPONSE,9,4
RESPONSE,9,9
RESPONSE,9,50
RESPONSE,9,9
RESPONSE,9,8
RESPONSE,9,3
RESPONSE,9,9
RESPONSE,9,4
RESPONSE,9,2
RESPONSE,9,9
RESPONSE,9,58
RESPONSE,9,7
RESPONSE,9,3
RESPONSE,9,10
RESPONSE,9,3
RESPONSE,9,2
RESPONSE,9,3
RESPONSE,9,6
RESPONSE,9,56
RESPONSE,9,2
RESPONSE,9,10
RESPONSE,9,8
RESPONSE,9,8
RESPONSE,9,9
RESPONSE,9,57
RESPONSE,9,8
RESPONSE,9,5
RESPONSE,9,3
RESPONSE,9,9
RESPONSE,9,3
RESPONSE,9,3
RESPONSE,9,4
RESPONSE,9,3
RESPONSE,9,62
RESPONSE,9,3
RESPONSE,9,4
RESPONSE,9,8
RESPONSE,9,3
RESPONSE,9,10
RESPONSE,9,3
RESPONSE,9,4
RESPONSE,9,54
RESPONSE,9,4
RESPONSE,9,2
RESPONSE,9,11
RESPONSE,9,8
RESPONSE,9,7
RESPONSE,9,6
RESPONSE,9,55
RESPONSE,9,6
RESPONSE,9,9
RESPONSE,9,3
RESPONSE,9,2
RESPONSE,9,10
RESPONSE,9,6
RESPONSE,9,58
RESPONSE,9,3
RESPONSE,9,9
RESPONSE,9,11
RESPONSE,9,11
RESPONSE,9,8
RESPONSE,9,4
RESPONSE,9,56
RESPONSE,9,4
RESPONSE,9,9
RESPONSE,9,8
RESPONSE,9,4
RESPONSE,9,5
RESPONSE,9,59
RESPONSE,9,4
RESPONSE,9,9
RESPONSE,9,3
RESPONSE,9,10
RESPONSE,9,4
RESPONSE,9,8
RESPONSE,9,60
RESPONSE,9,3
RESPONSE,9,8
RESPONSE,9,6
RESPONSE,9,8
RESPONSE,9,8
RESPONSE,9,2
RESPONSE,9,3
RESPONSE,9,4
RESPONSE,9,53
RESPONSE,9,7
RESPONSE,9,9
RESPONSE,9,3
RESPONSE,9,9
RESPONSE,9,3
RESPONSE,9,3
RESPONSE,9,8
RESPONSE,9,56
RESPONSE,9,4
RESPONSE,9,6
RESPONSE,9,3
RESPONSE,9,2
RESPONSE,9,4
RESPONSE,9,2
RESPONSE,9,5
RESPONSE,9,8
RESPONSE,9,58
RESPONSE,9,4
RESPONSE,9,2
RESPONSE,9,4
RESPONSE,9,4
RESPONSE,9,3
RESPONSE,9,3
RESPONSE,10,2
RESPONSE,10,2
RESPONSE,10,5
RESPONSE,10,3
RESPONSE,10,2
RESPONSE,10,10
RESPONSE,10,3
RESPONSE,10,3
RESPONSE,10,3
RESPONSE,10,51
RESPONSE,10,5
RESPONSE,10,4
RESPONSE,10,3
RESPONSE,10,6
RESPONSE,10,11
RESPONSE,10,8
RESPONSE,10,63
RESPONSE,10,7
RESPONSE,10,11
RESPONSE,10,8
RESPONSE,10,8
RESPONSE,10,4
RESPONSE,10,54
RESPONSE,10,10
RESPONSE,10,10
RESPONSE,10,5
RESPONSE,10,4
RESPONSE,10,8
RESPONSE,10,3
RESPONSE,10,62
RESPONSE,10,4
RESPONSE,10,3
RESPONSE,10,8
RESPONSE,10,3
RESPONSE,10,4
RESPONSE,10,8
RESPONSE,10,56
RESPONSE,10,6
RESPONSE,10,7
RESPONSE,10,5
RESPONSE,10,10
RESPONSE,10,4
RESPONSE,10,10
RESPONSE,10,55
RESPONSE,10,2
RESPONSE,10,10
RESPONSE,10,8
RESPONSE,10,9
RESPONSE,10,2
RESPONSE,10,5
RESPONSE,10,8
RESPONSE,10,56
RESPONSE,10,7
RESPONSE,10,3
RESPONSE,10,8
RESPONSE,10,4
RESPONSE,10,3
RESPONSE,10,3
RESPONSE,10,61
RESPONSE,10,2
RESPONSE,10,7
RESPONSE,10,8
RESPONSE,10,6
RESPONSE,10,5
RESPONSE,10,5
RESPONSE,10,4
RESPONSE,10,4
RESPONSE,10,58
RESPONSE,10,10
RESPONSE,10,3
RESPONSE,10,8
RESPONSE,10,8
RESPONSE,10,8
RESPONSE,10,60
RESPONSE,10,4
RESPONSE,10,3
RESPONSE,10,8
RESPONSE,10,8
RESPONSE,10,3
RESPONSE,10,8
RESPONSE,10,8
RESPONSE,10,56
RESPONSE,10,12
RESPONSE,10,7
RESPONSE,10,7
RESPONSE,10,6
RESPONSE,10,3
RESPONSE,10,60
RESPONSE,10,8
RESPONSE,10,8
RESPONSE,10,7
RESPONSE,10,4
RESPONSE,10,11
RESPONSE,10,59
RESPONSE,10,9
RESPONSE,10,10
RESPONSE,10,3
RESPONSE,10,10
RESPONSE,10,62
RESPONSE,10,8
RESPONSE,10,4
RESPONSE,10,3
RESPONSE,10,4
RESPONSE,10,4
RESPONSE,10,10
RESPONSE,10,3
RESPONSE,10,4
RESPONSE,10,55
RESPONSE,10,4
RESPONSE,10,3
RESPONSE,10,6
RESPONSE,10,3
RESPONSE,10,7
RESPONSE,10,7
RESPONSE,10,3
RESPONSE,10,60
RESPONSE,10,8
RESPONSE,10,8
RESPONSE,10,2
RESPONSE,10,10
RESPONSE,10,8
RESPONSE,10,3
RESPONSE,10,56
RESPONSE,10,9
RESPONSE,10,3
RESPONSE,10,8
RESPONSE,10,8
RESPONSE,10,6
RESPONSE,10,4
RESPONSE,10,60
RESPONSE,10,4
RESPONSE,10,9
RESPONSE,10,8
RESPONSE,10,4
RESPONSE,10,3
RESPONSE,10,7
RESPONSE,10,57
RESPONSE,10,10
RESPONSE,10,4
RESPONSE,10,8
RESPONSE,10,9
RESPONSE,10,5
RESPONSE,10,3
RESPONSE,10,60
RESPONSE,10,3
RESPONSE,10,10
RESPONSE,10,9
RESPONSE,10,8
RESPONSE,10,61
RESPONSE,10,5
RESPONSE,10,7
RESPONSE,10,5
RESPONSE,10,3
RESPONSE,10,3
RESPONSE,10,3
RESPONSE,10,4
RESPONSE,10,9
RESPONSE,10,56
RESPONSE,10,5
RESPONSE,10,4
RESPONSE,10,2
RESPONSE,10,10
RESPONSE,10,8
RESPONSE,10,4
RESPONSE,10,7
RESPONSE,10,60
RESPONSE,10,4
RESPONSE,10,6
RESPONSE,10,10
RESPONSE,10,8
RESPONSE,10,8
RESPONSE,10,56
RESPONSE,10,10
RESPONSE,10,3
RESPONSE,10,10
RESPONSE,10,9
RESPONSE,10,8
RESPONSE,10,3
RESPONSE,10,3
RESPONSE,10,57
RESPONSE,10,10
RESPONSE,10,4
RESPONSE,10,4
RESPONSE,10,4
RESPONSE,10,4
RESPONSE,10,4
RESPONSE,10,3
RESPONSE,10,58
RESPONSE,10,4
RESPONSE,10,4
RESPONSE,10,9
RESPONSE,10,9
RESPONSE,10,3
RESPONSE,10,4
RESPONSE,10,4
RESPONSE,10,2
RESPONSE,10,57
RESPONSE,10,9
RESPONSE,10,4
RESPONSE,10,10
RESPONSE,10,10
RESPONSE,10,60
RESPONSE,10,4
RESPONSE,10,9
RESPONSE,10,4
RESPONSE,10,4
RESPONSE,10,7
RESPONSE,10,6
RESPONSE,10,12
RESPONSE,10,52
RESPONSE,10,8
RESPONSE,10,4
RESPONSE,10,8
RESPONSE,10,9
RESPONSE,10,10
RESPONSE,10,61
RESPONSE,10,11
RESPONSE,10,7
RESPONSE,10,3
RESPONSE,10,3
RESPONSE,10,4
RESPONSE,10,9
RESPONSE,10,56
RESPONSE,10,3
RESPONSE,10,4
RESPONSE,10,10
RESPONSE,10,7
RESPONSE,10,3
RESPONSE,10,10
RESPONSE,10,60
RESPONSE,10,4
RESPONSE,10,9
RESPONSE,10,2
RESPONSE,10,4
RESPONSE,10,3
RESPONSE,10,4
RESPONSE,10,2
RESPONSE,10,3
RESPONSE,10,4
RESPONSE,11,3
RESPONSE,11,6
RESPONSE,11,3
RESPONSE,11,3
RESPONSE,11,3
RESPONSE,11,6
RESPONSE,11,11
RESPONSE,11,6
RESPONSE,11,9
RESPONSE,11,3
RESPONSE,11,5
RESPONSE,11,8
RESPONSE,11,3
RESPONSE,11,7
RESPONSE,11,56
RESPONSE,11,6
RESPONSE,11,4
RESPONSE,11,7
RESPONSE,11,8
RESPONSE,11,8
RESPONSE,11,8
RESPONSE,11,56
RESPONSE,11,8
RESPONSE,11,2
RESPONSE,11,10
RESPONSE,11,3
RESPONSE,11,2
RESPONSE,11,3
RESPONSE,11,3
RESPONSE,11,7
RESPONSE,11,61
RESPONSE,11,9
RESPONSE,11,3
RESPONSE,11,5
RESPONSE,11,4
RESPONSE,11,3
RESPONSE,11,3
RESPONSE,11,8
RESPONSE,11,57
RESPONSE,11,8
RESPONSE,11,5
RESPONSE,11,6
RESPONSE,11,3
RESPONSE,11,5
RESPONSE,11,8
RESPONSE,11,61
RESPONSE,11,10
RESPONSE,11,7
RESPONSE,11,8
RESPONSE,11,4
RESPONSE,11,10
RESPONSE,11,3
RESPONSE,11,52
RESPONSE,11,5
RESPONSE,11,3
RESPONSE,11,8
RESPONSE,11,9
RESPONSE,11,3
RESPONSE,11,10
RESPONSE,11,61
RESPONSE,11,4
RESPONSE,11,10
RESPONSE,11,10
RESPONSE,11,3
RESPONSE,11,4
RESPONSE,11,4
RESPONSE,11,55
RESPONSE,11,9
RESPONSE,11,13
RESPONSE,11,3
RESPONSE,11,8
RESPONSE,11,4
RESPONSE,11,62
RESPONSE,11,4
RESPONSE,11,7
RESPONSE,11,11
RESPONSE,11,12
RESPONSE,11,4
RESPONSE,11,62
RESPONSE,11,2
RESPONSE,11,8
RESPONSE,11,4
RESPONSE,11,8
RESPONSE,11,6
RESPONSE,11,2
RESPONSE,11,5
RESPONSE,11,56
RESPONSE,11,9
RESPONSE,11,10
RESPONSE,11,5
RESPONSE,11,8
RESPONSE,11,6
RESPONSE,11,58
RESPONSE,11,8
RESPONSE,11,3
RESPONSE,11,10
RESPONSE,11,8
RESPONSE,11,7
RESPONSE,11,4
RESPONSE,11,55
RESPONSE,11,8
RESPONSE,11,8
RESPONSE,11,3
RESPONSE,11,4
RESPONSE,11,8
RESPONSE,11,3
RESPONSE,11,57
RESPONSE,11,10
RESPONSE,11,2
RESPONSE,11,8
RESPONSE,11,3
RESPONSE,11,6
RESPONSE,11,9
RESPONSE,11,2
RESPONSE,11,58
RESPONSE,11,9
RESPONSE,11,8
RESPONSE,11,10
RESPONSE,11,3
RESPONSE,11,3
RESPONSE,11,4
RESPONSE,11,56
RESPONSE,11,3
RESPONSE,11,2
RESPONSE,11,10
RESPONSE,11,2
RESPONSE,11,7
RESPONSE,11,3
RESPONSE,11,3
RESPONSE,11,4
RESPONSE,11,8
RESPONSE,11,55
RESPONSE,11,2
RESPONSE,11,5
RESPONSE,11,4
RESPONSE,11,3
RESPONSE,11,3
RESPONSE,11,4
RESPONSE,11,7
RESPONSE,11,6
RESPONSE,11,59
RESPONSE,11,8
RESPONSE,11,4
RESPONSE,11,3
RESPONSE,11,8
RESPONSE,11,4
RESPONSE,11,4
RESPONSE,11,8
RESPONSE,11,2
RESPONSE,11,56
RESPONSE,11,3
RESPONSE,11,10
RESPONSE,11,7
RESPONSE,11,9
RESPONSE,11,4
RESPONSE,11,55
RESPONSE,11,5
RESPONSE,11,8
RESPONSE,11,8
RESPONSE,11,3
RESPONSE,11,3
RESPONSE,11,8
RESPONSE,11,3
RESPONSE,11,8
RESPONSE,11,58
RESPONSE,11,3
RESPONSE,11,8
RESPONSE,11,4
RESPONSE,11,3
RESPONSE,11,3
RESPONSE,11,4
RESPONSE,11,5
RESPONSE,11,56
RESPONSE,11,9
RESPONSE,11,8
RESPONSE,11,4
RESPONSE,11,4
RESPONSE,11,4
RESPONSE,11,4
RESPONSE,11,3
RESPONSE,11,4
RESPONSE,11,6
RESPONSE,11,52
RESPONSE,11,9
RESPONSE,11,10
RESPONSE,11,6
RESPONSE,11,3
RESPONSE,11,8
RESPONSE,11,57
RESPONSE,11,9
RESPONSE,11,8
RESPONSE,11,7
RESPONSE,11,3
RESPONSE,11,3
RESPONSE,11,10
RESPONSE,11,4
RESPONSE,11,52
RESPONSE,11,10
RESPONSE,11,10
RESPONSE,11,6
RESPONSE,11,4
RESPONSE,11,3
RESPONSE,11,8
RESPONSE,11,59
RESPONSE,11,3
RESPONSE,11,9
RESPONSE,11,9
RESPONSE,11,3
RESPONSE,11,3
RESPONSE,11,7
RESPONSE,11,4
RESPONSE,11,58
RESPONSE,11,11
RESPONSE,11,4
RESPONSE,11,3
RESPONSE,11,8
RESPONSE,11,10
RESPONSE,11,56
RESPONSE,11,10
RESPONSE,11,4
RESPONSE,11,10
RESPONSE,11,3
RESPONSE,11,7
RESPONSE,11,3
RESPONSE,11,2
RESPONSE,11,56
RESPONSE,11,3
RESPONSE,11,4
RESPONSE,11,5
RESPONSE,11,8
RESPONSE,11,4
RESPONSE,11,4
RESPONSE,11,8
RESPONSE,11,62
RESPONSE,11,10
RESPONSE,11,4
RESPONSE,11,2
RESPONSE,11,10
RESPONSE,11,4
RESPONSE,12,3
RESPONSE,12,3
RESPONSE,12,5
RESPONSE,12,4
RESPONSE,12,4
RESPONSE,12,3
RESPONSE,12,3
RESPONSE,12,3
RESPONSE,12,4
RESPONSE,12,3
RESPONSE,12,47
RESPONSE,12,3
RESPONSE,12,7
RESPONSE,12,3
RESPONSE,12,8
RESPONSE,12,2
RESPONSE,12,10
RESPONSE,12,62
RESPONSE,12,8
RESPONSE,12,3
RESPONSE,12,8
RESPONSE,12,4
RESPONSE,12,10
RESPONSE,12,3
RESPONSE,12,3
RESPONSE,12,56
RESPONSE,12,7
RESPONSE,12,4
RESPONSE,12,4
RESPONSE,12,8
RESPONSE,12,7
RESPONSE,12,4
RESPONSE,12,4
RESPONSE,12,60
RESPONSE,12,9
RESPONSE,12,10
RESPONSE,12,5
RESPONSE,12,4
RESPONSE,12,5
RESPONSE,12,3
RESPONSE,12,56
RESPONSE,12,11
RESPONSE,12,10
RESPONSE,12,3
RESPONSE,12,8
RESPONSE,12,3
RESPONSE,12,8
RESPONSE,12,56
RESPONSE,12,7
RESPONSE,12,3
RESPONSE,12,4
RESPONSE,12,7
RESPONSE,12,8
RESPONSE,12,8
RESPONSE,12,55
RESPONSE,12,9
RESPONSE,12,3
RESPONSE,12,3
RESPONSE,12,8
RESPONSE,12,4
RESPONSE,12,8
RESPONSE,12,4
RESPONSE,12,3
RESPONSE,12,52
RESPONSE,12,8
RESPONSE,12,3
RESPONSE,12,3
RESPONSE,12,4
RESPONSE,12,3
RESPONSE,12,5
RESPONSE,12,4
RESPONSE,12,7
RESPONSE,12,60
RESPONSE,12,4
RESPONSE,12,8
RESPONSE,12,9
RESPONSE,12,5
RESPONSE,12,10
RESPONSE,12,4
RESPONSE,12,58
RESPONSE,12,8
RESPONSE,12,8
RESPONSE,12,3
RESPONSE,12,8
RESPONSE,12,2
RESPONSE,12,5
RESPONSE,12,56
RESPONSE,12,3
RESPONSE,12,8
RESPONSE,12,11
RESPONSE,12,7
RESPONSE,12,4
RESPONSE,12,11
RESPONSE,12,54
RESPONSE,12,8
RESPONSE,12,4
RESPONSE,12,4
RESPONSE,12,4
RESPONSE,12,4
RESPONSE,12,9
RESPONSE,12,9
RESPONSE,12,56
RESPONSE,12,7
RESPONSE,12,7
RESPONSE,12,2
RESPONSE,12,11
RESPONSE,12,10
RESPONSE,12,4
RESPONSE,12,59
RESPONSE,12,10
RESPONSE,12,3
RESPONSE,12,9
RESPONSE,12,8
RESPONSE,12,60
RESPONSE,12,4
RESPONSE,12,2
RESPONSE,12,3
RESPONSE,12,6
RESPONSE,12,9
RESPONSE,12,3
RESPONSE,12,4
RESPONSE,12,4
RESPONSE,12,4
RESPONSE,12,3
RESPONSE,12,54
RESPONSE,12,2
RESPONSE,12,5
RESPONSE,12,8
RESPONSE,12,10
RESPONSE,12,4
RESPONSE,12,62
RESPONSE,12,8
RESPONSE,12,7
RESPONSE,12,3
RESPONSE,12,8
RESPONSE,12,9
RESPONSE,12,9
RESPONSE,12,58
RESPONSE,12,3
RESPONSE,12,10
RESPONSE,12,3
RESPONSE,12,4
RESPONSE,12,3
RESPONSE,12,8
RESPONSE,12,56
RESPONSE,12,8
RESPONSE,12,3
RESPONSE,12,8
RESPONSE,12,10
RESPONSE,12,3
RESPONSE,12,9
RESPONSE,12,58
RESPONSE,12,7
RESPONSE,12,3
RESPONSE,12,10
RESPONSE,12,10
RESPONSE,12,8
RESPONSE,12,60
RESPONSE,12,4
RESPONSE,12,10
RESPONSE,12,4
RESPONSE,12,6
RESPONSE,12,3
RESPONSE,12,7
RESPONSE,12,3
RESPONSE,12,58
RESPONSE,12,3
RESPONSE,12,10
RESPONSE,12,8
RESPONSE,12,2
RESPONSE,12,7
RESPONSE,12,3
RESPONSE,12,2
RESPONSE,12,3
RESPONSE,12,56
RESPONSE,12,7
RESPONSE,12,3
RESPONSE,12,4
RESPONSE,12,4
RESPONSE,12,5
RESPONSE,12,7
RESPONSE,12,2
RESPONSE,12,8
RESPONSE,12,2
RESPONSE,12,56
RESPONSE,12,10
RESPONSE,12,6
RESPONSE,12,2
RESPONSE,12,2
RESPONSE,12,10
RESPONSE,12,64
RESPONSE,12,4
RESPONSE,12,8
RESPONSE,12,8
RESPONSE,12,8
RESPONSE,12,8
RESPONSE,12,4
RESPONSE,12,59
RESPONSE,12,8
RESPONSE,12,10
RESPONSE,12,10
RESPONSE,12,61
RESPONSE,12,9
RESPONSE,12,4
RESPONSE,12,3
RESPONSE,12,10
RESPONSE,12,10
RESPONSE,12,2
RESPONSE,12,4
RESPONSE,12,4
RESPONSE,12,50
RESPONSE,12,9
RESPONSE,12,4
RESPONSE,12,6
RESPONSE,12,8
RESPONSE,12,3
RESPONSE,12,10
RESPONSE,12,62
RESPONSE,12,3
RESPONSE,12,4
RESPONSE,12,9
RESPONSE,12,9
RESPONSE,12,8
RESPONSE,12,4
RESPONSE,12,56
RESPONSE,12,8
RESPONSE,12,8
RESPONSE,12,9
RESPONSE,12,8
RESPONSE,12,60
RESPONSE,12,10
RESPONSE,12,2
RESPONSE,12,5
RESPONSE,12,8
RESPONSE,12,9
RESPONSE,12,10
RESPONSE,12,55
RESPONSE,12,9
RESPONSE,12,9
RESPONSE,13,3
RESPONSE,13,4
RESPONSE,13,3
RESPONSE,13,7
RESPONSE,13,3
RESPONSE,13,5
RESPONSE,13,9
RESPONSE,13,8
RESPONSE,13,8
RESPONSE,13,3
RESPONSE,13,3
RESPONSE,13,3
RESPONSE,13,2
RESPONSE,13,3
RESPONSE,13,3
RESPONSE,13,3
RESPONSE,13,4
RESPONSE,13,55
RESPONSE,13,4
RESPONSE,13,3
RESPONSE,13,11
RESPONSE,13,12
RESPONSE,13,3
RESPONSE,13,58
RESPONSE,13,3
RESPONSE,13,9
RESPONSE,13,9
RESPONSE,13,9
RESPONSE,13,4
RESPONSE,13,62
RESPONSE,13,6
RESPONSE,13,3
RESPONSE,13,8
RESPONSE,13,8
RESPONSE,13,9
RESPONSE,13,4
RESPONSE,13,62
RESPONSE,13,6
RESPONSE,13,7
RESPONSE,13,11
RESPONSE,13,8
RESPONSE,13,4
RESPONSE,13,3
RESPONSE,13,3
RESPONSE,13,57
RESPONSE,13,3
RESPONSE,13,8
RESPONSE,13,4
RESPONSE,13,4
RESPONSE,13,3
RESPONSE,13,3
RESPONSE,13,8
RESPONSE,13,3
RESPONSE,13,52
RESPONSE,13,4
RESPONSE,13,3
RESPONSE,13,3
RESPONSE,13,4
RESPONSE,13,10
RESPONSE,13,10
RESPONSE,13,63
RESPONSE,13,3
RESPONSE,13,6
RESPONSE,13,5
RESPONSE,13,4
RESPONSE,13,8
RESPONSE,13,3
RESPONSE,13,8
RESPONSE,13,56
RESPONSE,13,8
RESPONSE,13,10
RESPONSE,13,10
RESPONSE,13,9
RESPONSE,13,4
RESPONSE,13,62
RESPONSE,13,3
RESPONSE,13,8
RESPONSE,13,10
RESPONSE,13,8
RESPONSE,13,3
RESPONSE,13,56
RESPONSE,13,8
RESPONSE,13,5
RESPONSE,13,6
RESPONSE,13,9
RESPONSE,13,2
RESPONSE,13,3
RESPONSE,13,8
RESPONSE,13,56
RESPONSE,13,4
RESPONSE,13,10
RESPONSE,13,4
RESPONSE,13,4
RESPONSE,13,8
RESPONSE,13,9
RESPONSE,13,58
RESPONSE,13,3
RESPONSE,13,7
RESPONSE,13,8
RESPONSE,13,8
RESPONSE,13,9
RESPONSE,13,10
RESPONSE,13,56
RESPONSE,13,11
RESPONSE,13,4
RESPONSE,13,8
RESPONSE,13,8
RESPONSE,13,6
RESPONSE,13,51
RESPONSE,13,3
RESPONSE,13,3
RESPONSE,13,6
RESPONSE,13,2
RESPONSE,13,4
RESPONSE,13,10
RESPONSE,13,7
RESPONSE,13,7
RESPONSE,13,54
RESPONSE,13,7
RESPONSE,13,10
RESPONSE,13,13
RESPONSE,13,4
RESPONSE,13,8
RESPONSE,13,59
RESPONSE,13,4
RESPONSE,13,3
RESPONSE,13,9
RESPONSE,13,3
RESPONSE,13,9
RESPONSE,13,5
RESPONSE,13,55
RESPONSE,13,3
RESPONSE,13,9
RESPONSE,13,5
RESPONSE,13,3
RESPONSE,13,2
RESPONSE,13,8
RESPONSE,13,8
RESPONSE,13,60
RESPONSE,13,10
RESPONSE,13,3
RESPONSE,13,10
RESPONSE,13,12
RESPONSE,13,3
RESPONSE,13,55
RESPONSE,13,10
RESPONSE,13,8
RESPONSE,13,4
RESPONSE,13,9
RESPONSE,13,8
RESPONSE,13,62
RESPONSE,13,9
RESPONSE,13,3
RESPONSE,13,3
RESPONSE,13,10
RESPONSE,13,9
RESPONSE,13,55
RESPONSE,13,6
RESPONSE,13,7
RESPONSE,13,8
RESPONSE,13,8
RESPONSE,13,8
RESPONSE,13,61
RESPONSE,13,9
RESPONSE,13,4
RESPONSE,13,3
RESPONSE,13,3
RESPONSE,13,6
RESPONSE,13,9
RESPONSE,13,4
RESPONSE,13,7
RESPONSE,13,59
RESPONSE,13,3
RESPONSE,13,4
RESPONSE,13,11
RESPONSE,13,8
RESPONSE,13,3
RESPONSE,13,62
RESPONSE,13,12
RESPONSE,13,13
RESPONSE,13,8
RESPONSE,13,7
RESPONSE,13,53
RESPONSE,13,6
RESPONSE,13,4
RESPONSE,13,8
RESPONSE,13,7
RESPONSE,13,8
RESPONSE,13,9
RESPONSE,13,3
RESPONSE,13,54
RESPONSE,13,3
RESPONSE,13,5
RESPONSE,13,9
RESPONSE,13,4
RESPONSE,13,11
RESPONSE,13,60
RESPONSE,13,9
RESPONSE,13,9
RESPONSE,13,11
RESPONSE,13,7
RESPONSE,13,57
RESPONSE,13,11
RESPONSE,13,7
RESPONSE,13,3
RESPONSE,13,4
RESPONSE,13,4
RESPONSE,13,4
RESPONSE,13,10
RESPONSE,13,56
RESPONSE,13,10
RESPONSE,13,10
RESPONSE,13,11
RESPONSE,13,3
RESPONSE,13,9
RESPONSE,13,57
RESPONSE,13,9
RESPONSE,13,4
RESPONSE,13,2
RESPONSE,13,6
RESPONSE,13,5
RESPONSE,13,4
RESPONSE,13,61
RESPONSE,13,9
RESPONSE,13,4
RESPONSE,13,8
RESPONSE,13,8
RESPONSE,13,2
RESPONSE,13,4
RESPONSE,13,60
RESPONSE,13,6
RESPONSE,13,3
RESPONSE,13,4
RESPONSE,13,4
RESPONSE,13,3
RESPONSE,13,3
RESPONSE,13,3
RESPONSE,13,3
RESPONSE,13,2
RESPONSE,14,3
RESPONSE,14,5
RESPONSE,14,2
RESPONSE,14,4
RESPONSE,14,8
RESPONSE,14,2
RESPONSE,14,6
RESPONSE,14,2
RESPONSE,14,2
RESPONSE,14,44
RESPONSE,14,7
RESPONSE,14,7
RESPONSE,14,11
RESPONSE,14,8
RESPONSE,14,4
RESPONSE,14,58
RESPONSE,14,10
RESPONSE,14,6
RESPONSE,14,11
RESPONSE,14,3
RESPONSE,14,63
RESPONSE,14,2
RESPONSE,14,3
RESPONSE,14,11
RESPONSE,14,9
RESPONSE,14,2
RESPONSE,14,9
RESPONSE,14,58
RESPONSE,14,2
RESPONSE,14,7
RESPONSE,14,7
RESPONSE,14,7
RESPONSE,14,7
RESPONSE,14,7
RESPONSE,14,58
RESPONSE,14,7
RESPONSE,14,3
RESPONSE,14,7
RESPONSE,14,8
RESPONSE,14,3
RESPONSE,14,10
RESPONSE,14,62
RESPONSE,14,3
RESPONSE,14,8
RESPONSE,14,4
RESPONSE,14,9
RESPONSE,14,7
RESPONSE,14,63
RESPONSE,14,3
RESPONSE,14,10
RESPONSE,14,8
RESPONSE,14,11
RESPONSE,14,4
RESPONSE,14,57
RESPONSE,14,3
RESPONSE,14,8
RESPONSE,14,9
RESPONSE,14,7
RESPONSE,14,5
RESPONSE,14,3
RESPONSE,14,4
RESPONSE,14,55
RESPONSE,14,7
RESPONSE,14,7
RESPONSE,14,9
RESPONSE,14,8
RESPONSE,14,8
RESPONSE,14,57
RESPONSE,14,6
RESPONSE,14,4
RESPONSE,14,5
RESPONSE,14,8
RESPONSE,14,8
RESPONSE,14,4
RESPONSE,14,9
RESPONSE,14,59
RESPONSE,14,10
RESPONSE,14,4
RESPONSE,14,10
RESPONSE,14,8
RESPONSE,14,61
RESPONSE,14,10
RESPONSE,14,8
RESPONSE,14,7
RESPONSE,14,3
RESPONSE,14,5
RESPONSE,14,64
RESPONSE,14,7
RESPONSE,14,3
RESPONSE,14,10
RESPONSE,14,3
RESPONSE,14,3
RESPONSE,14,3
RESPONSE,14,9
RESPONSE,14,59
RESPONSE,14,12
RESPONSE,14,7
RESPONSE,14,12
RESPONSE,14,59
RESPONSE,14,8
RESPONSE,14,9
RESPONSE,14,4
RESPONSE,14,9
RESPONSE,14,3
RESPONSE,14,4
RESPONSE,14,5
RESPONSE,14,53
RESPONSE,14,6
RESPONSE,14,4
RESPONSE,14,3
RESPONSE,14,3
RESPONSE,14,3
RESPONSE,14,3
RESPONSE,14,9
RESPONSE,14,4
RESPONSE,14,60
RESPONSE,14,7
RESPONSE,14,4
RESPONSE,14,3
RESPONSE,14,3
RESPONSE,14,3
RESPONSE,14,6
RESPONSE,14,9
RESPONSE,14,5
RESPONSE,14,54
RESPONSE,14,2
RESPONSE,14,7
RESPONSE,14,9
RESPONSE,14,7
RESPONSE,14,9
RESPONSE,14,63
RESPONSE,14,4
RESPONSE,14,11
RESPONSE,14,2
RESPONSE,14,8
RESPONSE,14,10
RESPONSE,14,4
RESPONSE,14,57
RESPONSE,14,7
RESPONSE,14,7
RESPONSE,14,9
RESPONSE,14,9
RESPONSE,14,4
RESPONSE,14,3
RESPONSE,14,61
RESPONSE,14,8
RESPONSE,14,4
RESPONSE,14,8
RESPONSE,14,8
RESPONSE,14,7
RESPONSE,14,3
RESPONSE,14,56
RESPONSE,14,7
RESPONSE,14,4
RESPONSE,14,3
RESPONSE,14,10
RESPONSE,14,3
RESPONSE,14,8
RESPONSE,14,55
RESPONSE,14,3
RESPONSE,14,8
RESPONSE,14,8
RESPONSE,14,8
RESPONSE,14,9
RESPONSE,14,10
RESPONSE,14,56
RESPONSE,14,6
RESPONSE,14,10
RESPONSE,14,4
RESPONSE,14,2
RESPONSE,14,6
RESPONSE,14,4
RESPONSE,14,61
RESPONSE,14,7
RESPONSE,14,8
RESPONSE,14,9
RESPONSE,14,8
RESPONSE,14,8
RESPONSE,14,57
RESPONSE,14,8
RESPONSE,14,4
RESPONSE,14,4
RESPONSE,14,7
RESPONSE,14,8
RESPONSE,14,4
RESPONSE,14,61
RESPONSE,14,3
RESPONSE,14,4
RESPONSE,14,5
RESPONSE,14,3
RESPONSE,14,5
RESPONSE,14,8
RESPONSE,14,10
RESPONSE,14,53
RESPONSE,14,3
RESPONSE,14,8
RESPONSE,14,7
RESPONSE,14,11
RESPONSE,14,9
RESPONSE,14,56
RESPONSE,14,9
RESPONSE,14,8
RESPONSE,14,9
RESPONSE,14,8
RESPONSE,14,8
RESPONSE,14,5
RESPONSE,14,58
RESPONSE,14,3
RESPONSE,14,5
RESPONSE,14,3
RESPONSE,14,9
RESPONSE,14,10
RESPONSE,14,56
RESPONSE,14,11
RESPONSE,14,10
RESPONSE,14,11
RESPONSE,14,10
RESPONSE,14,4
RESPONSE,14,52
RESPONSE,14,8
RESPONSE,14,4
RESPONSE,14,3
RESPONSE,14,7
RESPONSE,14,3
RESPONSE,14,8
RESPONSE,14,5
RESPONSE,14,55
RESPONSE,14,3
RESPONSE,14,4
RESPONSE,14,2
RESPONSE,14,4
RESPONSE,14,5
RESPONSE,14,8
RESPONSE,14,2
RESPONSE,14,3
RESPONSE,14,3
RESPONSE,14,4
RESPONSE,14,2
RESPONSE,14,2
RESPONSE,15,2
RESPONSE,15,3
RESPONSE,15,2
RESPONSE,15,3
RESPONSE,15,3
RESPONSE,15,3
RESPONSE,15,4
RESPONSE,15,7
RESPONSE,15,7
RESPONSE,15,10
RESPONSE,15,7
RESPONSE,15,10
RESPONSE,15,55
RESPONSE,15,2
RESPONSE,15,2
RESPONSE,15,9
RESPONSE,15,4
RESPONSE,15,4
RESPONSE,15,5
RESPONSE,15,3
RESPONSE,15,61
RESPONSE,15,3
RESPONSE,15,8
RESPONSE,15,9
RESPONSE,15,3
RESPONSE,15,5
RESPONSE,15,2
RESPONSE,15,3
RESPONSE,15,3
RESPONSE,15,4
RESPONSE,15,52
RESPONSE,15,9
RESPONSE,15,9
RESPONSE,15,4
RESPONSE,15,3
RESPONSE,15,8
RESPONSE,15,2
RESPONSE,15,3
RESPONSE,15,3
RESPONSE,15,61
RESPONSE,15,5
RESPONSE,15,4
RESPONSE,15,8
RESPONSE,15,3
RESPONSE,15,6
RESPONSE,15,7
RESPONSE,15,62
RESPONSE,15,3
RESPONSE,15,4
RESPONSE,15,10
RESPONSE,15,3
RESPONSE,15,8
RESPONSE,15,6
RESPONSE,15,54
RESPONSE,15,9
RESPONSE,15,9
RESPONSE,15,9
RESPONSE,15,9
RESPONSE,15,7
RESPONSE,15,60
RESPONSE,15,6
RESPONSE,15,3
RESPONSE,15,7
RESPONSE,15,7
RESPONSE,15,8
RESPONSE,15,5
RESPONSE,15,58
RESPONSE,15,4
RESPONSE,15,4
RESPONSE,15,8
RESPONSE,15,7
RESPONSE,15,8
RESPONSE,15,10
RESPONSE,15,55
RESPONSE,15,8
RESPONSE,15,7
RESPONSE,15,9
RESPONSE,15,4
RESPONSE,15,3
RESPONSE,15,62
RESPONSE,15,4
RESPONSE,15,8
RESPONSE,15,8
RESPONSE,15,3
RESPONSE,15,7
RESPONSE,15,8
RESPONSE,15,60
RESPONSE,15,8
RESPONSE,15,8
RESPONSE,15,10
RESPONSE,15,10
RESPONSE,15,60
RESPONSE,15,7
RESPONSE,15,7
RESPONSE,15,6
RESPONSE,15,8
RESPONSE,15,8
RESPONSE,15,55
RESPONSE,15,3
RESPONSE,15,4
RESPONSE,15,3
RESPONSE,15,11
RESPONSE,15,10
RESPONSE,15,8
RESPONSE,15,57
RESPONSE,15,6
RESPONSE,15,8
RESPONSE,15,5
RESPONSE,15,9
RESPONSE,15,3
RESPONSE,15,6
RESPONSE,15,62
RESPONSE,15,3
RESPONSE,15,8
RESPONSE,15,2
RESPONSE,15,9
RESPONSE,15,8
RESPONSE,15,7
RESPONSE,15,56
RESPONSE,15,5
RESPONSE,15,8
RESPONSE,15,4
RESPONSE,15,9
RESPONSE,15,8
RESPONSE,15,63
RESPONSE,15,7
RESPONSE,15,3
RESPONSE,15,9
RESPONSE,15,9
RESPONSE,15,7
RESPONSE,15,3
RESPONSE,15,57
RESPONSE,15,8
RESPONSE,15,10
RESPONSE,15,11
RESPONSE,15,4
RESPONSE,15,4
RESPONSE,15,55
RESPONSE,15,4
RESPONSE,15,3
RESPONSE,15,5
RESPONSE,15,4
RESPONSE,15,8
RESPONSE,15,10
RESPONSE,15,4
RESPONSE,15,58
RESPONSE,15,8
RESPONSE,15,4
RESPONSE,15,4
RESPONSE,15,10
RESPONSE,15,7
RESPONSE,15,5
RESPONSE,15,60
RESPONSE,15,4
RESPONSE,15,4
RESPONSE,15,10
RESPONSE,15,7
RESPONSE,15,3
RESPONSE,15,9
RESPONSE,15,58
RESPONSE,15,4
RESPONSE,15,8
RESPONSE,15,6
RESPONSE,15,4
RESPONSE,15,10
RESPONSE,15,7
RESPONSE,15,61
RESPONSE,15,5
RESPONSE,15,9
RESPONSE,15,10
RESPONSE,15,10
RESPONSE,15,6
RESPONSE,15,56
RESPONSE,15,10
RESPONSE,15,8
RESPONSE,15,3
RESPONSE,15,9
RESPONSE,15,9
RESPONSE,15,63
RESPONSE,15,10
RESPONSE,15,10
RESPONSE,15,3
RESPONSE,15,9
RESPONSE,15,56
RESPONSE,15,10
RESPONSE,15,9
RESPONSE,15,3
RESPONSE,15,10
RESPONSE,15,9
RESPONSE,15,60
RESPONSE,15,12
RESPONSE,15,10
RESPONSE,15,7
RESPONSE,15,7
RESPONSE,15,57
RESPONSE,15,6
RESPONSE,15,10
RESPONSE,15,10
RESPONSE,15,4
RESPONSE,15,3
RESPONSE,15,8
RESPONSE,15,56
RESPONSE,15,9
RESPONSE,15,9
RESPONSE,15,3
RESPONSE,15,9
RESPONSE,15,4
RESPONSE,15,6
RESPONSE,15,56
RESPONSE,15,10
RESPONSE,15,7
RESPONSE,15,8
RESPONSE,15,9
RESPONSE,15,3
RESPONSE,15,55
RESPONSE,15,6
RESPONSE,15,7
RESPONSE,15,5
RESPONSE,15,8
RESPONSE,15,4
RESPONSE,15,8
RESPONSE,15,61
RESPONSE,15,3
RESPONSE,15,4
RESPONSE,15,4
RESPONSE,15,4
RESPONSE,15,2
RESPONSE,15,2
RESPONSE,15,2
RESPONSE,15,2
RESPONSE,15,4
RESPONSE,15,2
RESPONSE,15,2
RESPONSE,15,2
RESPONSE,15,2
RESPONSE,15,2
RESPONSE,15,2
RESPONSE,15,2
RESPONSE,15,46
RESPONSE,16,2
RESPONSE,16,2
RESPONSE,16,2
RESPONSE,16,4
RESPONSE,16,4
RESPONSE,16,4
RESPONSE,16,8
RESPONSE,16,5
RESPONSE,16,2
RESPONSE,16,4
RESPONSE,16,24
RESPONSE,16,9
RESPONSE,16,5
RESPONSE,16,4
RESPONSE,16,2
RESPONSE,16,3
RESPONSE,16,13
RESPONSE,16,59
RESPONSE,16,9
RESPONSE,16,7
RESPONSE,16,9
RESPONSE,16,5
RESPONSE,16,9
RESPONSE,16,55
RESPONSE,16,7
RESPONSE,16,7
RESPONSE,16,4
RESPONSE,16,3
RESPONSE,16,4
RESPONSE,16,3
RESPONSE,16,3
RESPONSE,16,7
RESPONSE,16,52
RESPONSE,16,10
RESPONSE,16,2
RESPONSE,16,10
RESPONSE,16,7
RESPONSE,16,7
RESPONSE,16,60
RESPONSE,16,2
RESPONSE,16,9
RESPONSE,16,9
RESPONSE,16,7
RESPONSE,16,8
RESPONSE,16,8
RESPONSE,16,61
RESPONSE,16,9
RESPONSE,16,9
RESPONSE,16,3
RESPONSE,16,3
RESPONSE,16,4
RESPONSE,16,60
RESPONSE,16,2
RESPONSE,16,5
RESPONSE,16,3
RESPONSE,16,3
RESPONSE,16,4
RESPONSE,16,4
RESPONSE,16,4
RESPONSE,16,6
RESPONSE,16,8
RESPONSE,16,2
RESPONSE,16,53
RESPONSE,16,3
RESPONSE,16,7
RESPONSE,16,10
RESPONSE,16,8
RESPONSE,16,8
RESPONSE,16,60
RESPONSE,16,10
RESPONSE,16,2
RESPONSE,16,3
RESPONSE,16,4
RESPONSE,16,9
RESPONSE,16,6
RESPONSE,16,5
RESPONSE,16,55
RESPONSE,16,8
RESPONSE,16,9
RESPONSE,16,10
RESPONSE,16,3
RESPONSE,16,7
RESPONSE,16,59
RESPONSE,16,3
RESPONSE,16,9
RESPONSE,16,9
RESPONSE,16,3
RESPONSE,16,11
RESPONSE,16,62
RESPONSE,16,7
RESPONSE,16,2
RESPONSE,16,9
RESPONSE,16,2
RESPONSE,16,11
RESPONSE,16,3
RESPONSE,16,60
RESPONSE,16,6
RESPONSE,16,3
RESPONSE,16,3
RESPONSE,16,10
RESPONSE,16,4
RESPONSE,16,10
RESPONSE,16,60
RESPONSE,16,3
RESPONSE,16,7
RESPONSE,16,7
RESPONSE,16,4
RESPONSE,16,3
RESPONSE,16,4
RESPONSE,16,8
RESPONSE,16,3
RESPONSE,16,61
RESPONSE,16,3
RESPONSE,16,9
RESPONSE,16,4
RESPONSE,16,7
RESPONSE,16,3
RESPONSE,16,7
RESPONSE,16,3
RESPONSE,16,54
RESPONSE,16,3
RESPONSE,16,3
RESPONSE,16,6
RESPONSE,16,8
RESPONSE,16,8
RESPONSE,16,7
RESPONSE,16,5
RESPONSE,16,63
RESPONSE,16,8
RESPONSE,16,10
RESPONSE,16,11
RESPONSE,16,6
RESPONSE,16,57
RESPONSE,16,7
RESPONSE,16,5
RESPONSE,16,7
RESPONSE,16,7
RESPONSE,16,8
RESPONSE,16,62
RESPONSE,16,4
RESPONSE,16,7
RESPONSE,16,3
RESPONSE,16,4
RESPONSE,16,4
RESPONSE,16,9
RESPONSE,16,6
RESPONSE,16,55
RESPONSE,16,7
RESPONSE,16,8
RESPONSE,16,9
RESPONSE,16,7
RESPONSE,16,4
RESPONSE,16,62
RESPONSE,16,7
RESPONSE,16,9
RESPONSE,16,8
RESPONSE,16,4
RESPONSE,16,5
RESPONSE,16,7
RESPONSE,16,55
RESPONSE,16,4
RESPONSE,16,9
RESPONSE,16,4
RESPONSE,16,3
RESPONSE,16,2
RESPONSE,16,3
RESPONSE,16,10
RESPONSE,16,59
RESPONSE,16,9
RESPONSE,16,3
RESPONSE,16,5
RESPONSE,16,3
RESPONSE,16,4
RESPONSE,16,3
RESPONSE,16,12
RESPONSE,16,58
RESPONSE,16,2
RESPONSE,16,7
RESPONSE,16,3
RESPONSE,16,9
RESPONSE,16,5
RESPONSE,16,2
RESPONSE,16,61
RESPONSE,16,8
RESPONSE,16,2
RESPONSE,16,4
RESPONSE,16,3
RESPONSE,16,5
RESPONSE,16,4
RESPONSE,16,10
RESPONSE,16,9
RESPONSE,16,52
RESPONSE,16,2
RESPONSE,16,5
RESPONSE,16,4
RESPONSE,16,3
RESPONSE,16,2
RESPONSE,16,10
RESPONSE,16,10
RESPONSE,16,2
RESPONSE,16,54
RESPONSE,16,3
RESPONSE,16,4
RESPONSE,16,10
RESPONSE,16,5
RESPONSE,16,4
RESPONSE,16,9
RESPONSE,16,62
RESPONSE,16,7
RESPONSE,16,7
RESPONSE,16,3
RESPONSE,16,8
RESPONSE,16,4
RESPONSE,16,2
RESPONSE,16,62
RESPONSE,16,3
RESPONSE,16,3
RESPONSE,16,5
RESPONSE,16,4
RESPONSE,16,2
RESPONSE,16,7
RESPONSE,16,2
RESPONSE,16,2
RESPONSE,16,4
RESPONSE,16,10
RESPONSE,16,51
RESPONSE,16,3
RESPONSE,16,8
RESPONSE,16,9
RESPONSE,16,3
RESPONSE,16,9
RESPONSE,16,9
RESPONSE,16,62
RESPONSE,16,6
RESPONSE,16,8
RESPONSE,16,8
RESPONSE,16,9
RESPONSE,16,6
RESPONSE,16,55
RESPONSE,17,2
RESPONSE,17,2
RESPONSE,17,2
RESPONSE,17,2
RESPONSE,17,2
RESPONSE,17,3
RESPONSE,17,6
RESPONSE,17,2
RESPONSE,17,3
RESPONSE,17,8
RESPONSE,17,4
RESPONSE,17,4
RESPONSE,17,8
RESPONSE,17,54
RESPONSE,17,8
RESPONSE,17,2
RESPONSE,17,5
RESPONSE,17,8
RESPONSE,17,4
RESPONSE,17,8
RESPONSE,17,2
RESPONSE,17,55
RESPONSE,17,3
RESPONSE,17,2
RESPONSE,17,5
RESPONSE,17,9
RESPONSE,17,4
RESPONSE,17,10
RESPONSE,17,58
RESPONSE,17,3
RESPONSE,17,3
RESPONSE,17,5
RESPONSE,17,3
RESPONSE,17,3
RESPONSE,17,9
RESPONSE,17,7
RESPONSE,17,5
RESPONSE,17,55
RESPONSE,17,3
RESPONSE,17,9
RESPONSE,17,3
RESPONSE,17,7
RESPONSE,17,9
RESPONSE,17,9
RESPONSE,17,55
RESPONSE,17,7
RESPONSE,17,3
RESPONSE,17,9
RESPONSE,17,9
RESPONSE,17,3
RESPONSE,17,7
RESPONSE,17,3
RESPONSE,17,51
RESPONSE,17,8
RESPONSE,17,11
RESPONSE,17,9
RESPONSE,17,2
RESPONSE,17,63
RESPONSE,17,3
RESPONSE,17,9
RESPONSE,17,7
RESPONSE,17,2
RESPONSE,17,9
RESPONSE,17,4
RESPONSE,17,4
RESPONSE,17,4
RESPONSE,17,52
RESPONSE,17,3
RESPONSE,17,3
RESPONSE,17,4
RESPONSE,17,3
RESPONSE,17,9
RESPONSE,17,3
RESPONSE,17,4
RESPONSE,17,8
RESPONSE,17,54
RESPONSE,17,3
RESPONSE,17,5
RESPONSE,17,3
RESPONSE,17,3
RESPONSE,17,9
RESPONSE,17,2
RESPONSE,17,5
RESPONSE,17,7
RESPONSE,17,57
RESPONSE,17,8
RESPONSE,17,8
RESPONSE,17,8
RESPONSE,17,10
RESPONSE,17,7
RESPONSE,17,60
RESPONSE,17,4
RESPONSE,17,9
RESPONSE,17,9
RESPONSE,17,3
RESPONSE,17,12
RESPONSE,17,55
RESPONSE,17,9
RESPONSE,17,4
RESPONSE,17,8
RESPONSE,17,4
RESPONSE,17,4
RESPONSE,17,8
RESPONSE,17,62
RESPONSE,17,8
RESPONSE,17,5
RESPONSE,17,9
RESPONSE,17,5
RESPONSE,17,4
RESPONSE,17,3
RESPONSE,17,4
RESPONSE,17,3
RESPONSE,17,56
RESPONSE,17,7
RESPONSE,17,7
RESPONSE,17,8
RESPONSE,17,9
RESPONSE,17,60
RESPONSE,17,11
RESPONSE,17,8
RESPONSE,17,7
RESPONSE,17,4
RESPONSE,17,7
RESPONSE,17,61
RESPONSE,17,3
RESPONSE,17,10
RESPONSE,17,9
RESPONSE,17,9
RESPONSE,17,10
RESPONSE,17,61
RESPONSE,17,9
RESPONSE,17,8
RESPONSE,17,9
RESPONSE,17,5
RESPONSE,17,6
RESPONSE,17,55
RESPONSE,17,9
RESPONSE,17,8
RESPONSE,17,4
RESPONSE,17,4
RESPONSE,17,7
RESPONSE,17,4
RESPONSE,17,61
RESPONSE,17,7
RESPONSE,17,7
RESPONSE,17,8
RESPONSE,17,3
RESPONSE,17,9
RESPONSE,17,6
RESPONSE,17,57
RESPONSE,17,5
RESPONSE,17,4
RESPONSE,17,8
RESPONSE,17,8
RESPONSE,17,3
RESPONSE,17,61
RESPONSE,17,3
RESPONSE,17,7
RESPONSE,17,2
RESPONSE,17,9
RESPONSE,17,4
RESPONSE,17,7
RESPONSE,17,3
RESPONSE,17,57
RESPONSE,17,9
RESPONSE,17,7
RESPONSE,17,8
RESPONSE,17,7
RESPONSE,17,9
RESPONSE,17,61
RESPONSE,17,9
RESPONSE,17,6
RESPONSE,17,8
RESPONSE,17,4
RESPONSE,17,6
RESPONSE,17,9
RESPONSE,17,58
RESPONSE,17,3
RESPONSE,17,3
RESPONSE,17,7
RESPONSE,17,7
RESPONSE,17,10
RESPONSE,17,3
RESPONSE,17,56
RESPONSE,17,10
RESPONSE,17,7
RESPONSE,17,8
RESPONSE,17,3
RESPONSE,17,3
RESPONSE,17,8
RESPONSE,17,3
RESPONSE,17,57
RESPONSE,17,7
RESPONSE,17,8
RESPONSE,17,3
RESPONSE,17,8
RESPONSE,17,4
RESPONSE,17,3
RESPONSE,17,61
RESPONSE,17,2
RESPONSE,17,8
RESPONSE,17,4
RESPONSE,17,6
RESPONSE,17,4
RESPONSE,17,10
RESPONSE,17,58
RESPONSE,17,3
RESPONSE,17,3
RESPONSE,17,2
RESPONSE,17,11
RESPONSE,17,7
RESPONSE,17,8
RESPONSE,17,3
RESPONSE,17,57
RESPONSE,17,6
RESPONSE,17,8
RESPONSE,17,8
RESPONSE,17,7
RESPONSE,17,2
RESPONSE,17,2
RESPONSE,17,9
RESPONSE,17,55
RESPONSE,17,2
RESPONSE,17,9
RESPONSE,17,3
RESPONSE,17,2
RESPONSE,17,3
RESPONSE,17,10
RESPONSE,17,9
RESPONSE,17,59
RESPONSE,17,10
RESPONSE,17,3
RESPONSE,17,6
RESPONSE,17,8
RESPONSE,17,3
RESPONSE,17,4
RESPONSE,17,4
RESPONSE,17,52
RESPONSE,17,8
RESPONSE,18,2
RESPONSE,18,2
RESPONSE,18,2
RESPONSE,18,4
RESPONSE,18,5
RESPONSE,18,4
RESPONSE,18,8
RESPONSE,18,9
RESPONSE,18,3
RESPONSE,18,5
RESPONSE,18,8
RESPONSE,18,8
RESPONSE,18,2
RESPONSE,18,10
RESPONSE,18,61
RESPONSE,18,9
RESPONSE,18,8
RESPONSE,18,3
RESPONSE,18,8
RESPONSE,18,9
RESPONSE,18,57
RESPONSE,18,12
RESPONSE,18,9
RESPONSE,18,7
RESPONSE,18,8
RESPONSE,18,2
RESPONSE,18,58
RESPONSE,18,9
RESPONSE,18,8
RESPONSE,18,9
RESPONSE,18,3
RESPONSE,18,4
RESPONSE,18,4
RESPONSE,18,56
RESPONSE,18,3
RESPONSE,18,4
RESPONSE,18,4
RESPONSE,18,3
RESPONSE,18,10
RESPONSE,18,8
RESPONSE,18,7
RESPONSE,18,59
RESPONSE,18,3
RESPONSE,18,7
RESPONSE,18,9
RESPONSE,18,4
RESPONSE,18,10
RESPONSE,18,55
RESPONSE,18,8
RESPONSE,18,3
RESPONSE,18,7
RESPONSE,18,3
RESPONSE,18,3
RESPONSE,18,7
RESPONSE,18,3
RESPONSE,18,3
RESPONSE,18,7
RESPONSE,18,51
RESPONSE,18,7
RESPONSE,18,3
RESPONSE,18,9
RESPONSE,18,9
RESPONSE,18,4
RESPONSE,18,3
RESPONSE,18,3
RESPONSE,18,2
RESPONSE,18,55
RESPONSE,18,2
RESPONSE,18,10
RESPONSE,18,9
RESPONSE,18,3
RESPONSE,18,3
RESPONSE,18,8
RESPONSE,18,56
RESPONSE,18,4
RESPONSE,18,5
RESPONSE,18,2
RESPONSE,18,5
RESPONSE,18,10
RESPONSE,18,3
RESPONSE,18,3
RESPONSE,18,5
RESPONSE,18,3
RESPONSE,18,3
RESPONSE,18,52
RESPONSE,18,3
RESPONSE,18,8
RESPONSE,18,3
RESPONSE,18,3
RESPONSE,18,8
RESPONSE,18,12
RESPONSE,18,54
RESPONSE,18,4
RESPONSE,18,8
RESPONSE,18,8
RESPONSE,18,3
RESPONSE,18,3
RESPONSE,18,9
RESPONSE,18,9
RESPONSE,18,51
RESPONSE,18,3
RESPONSE,18,7
RESPONSE,18,3
RESPONSE,18,7
RESPONSE,18,9
RESPONSE,18,3
RESPONSE,18,62
RESPONSE,18,9
RESPONSE,18,3
RESPONSE,18,9
RESPONSE,18,8
RESPONSE,18,9
RESPONSE,18,4
RESPONSE,18,61
RESPONSE,18,3
RESPONSE,18,8
RESPONSE,18,8
RESPONSE,18,2
RESPONSE,18,7
RESPONSE,18,2
RESPONSE,18,9
RESPONSE,18,53
RESPONSE,18,10
RESPONSE,18,6
RESPONSE,18,2
RESPONSE,18,9
RESPONSE,18,10
RESPONSE,18,4
RESPONSE,18,58
RESPONSE,18,8
RESPONSE,18,3
RESPONSE,18,4
RESPONSE,18,3
RESPONSE,18,4
RESPONSE,18,3
RESPONSE,18,8
RESPONSE,18,62
RESPONSE,18,8
RESPONSE,18,2
RESPONSE,18,7
RESPONSE,18,7
RESPONSE,18,2
RESPONSE,18,8
RESPONSE,18,56
RESPONSE,18,7
RESPONSE,18,3
RESPONSE,18,3
RESPONSE,18,4
RESPONSE,18,8
RESPONSE,18,7
RESPONSE,18,3
RESPONSE,18,4
RESPONSE,18,56
RESPONSE,18,3
RESPONSE,18,8
RESPONSE,18,4
RESPONSE,18,4
RESPONSE,18,9
RESPONSE,18,4
RESPONSE,18,8
RESPONSE,18,57
RESPONSE,18,2
RESPONSE,18,7
RESPONSE,18,7
RESPONSE,18,7
RESPONSE,18,10
RESPONSE,18,4
RESPONSE,18,3
RESPONSE,18,56
RESPONSE,18,3
RESPONSE,18,9
RESPONSE,18,9
RESPONSE,18,3
RESPONSE,18,7
RESPONSE,18,3
RESPONSE,18,2
RESPONSE,18,52
RESPONSE,18,10
RESPONSE,18,2
RESPONSE,18,9
RESPONSE,18,10
RESPONSE,18,9
RESPONSE,18,55
RESPONSE,18,3
RESPONSE,18,2
RESPONSE,18,6
RESPONSE,18,7
RESPONSE,18,3
RESPONSE,18,3
RESPONSE,18,8
RESPONSE,18,4
RESPONSE,18,58
RESPONSE,18,9
RESPONSE,18,4
RESPONSE,18,4
RESPONSE,18,6
RESPONSE,18,3
RESPONSE,18,3
RESPONSE,18,8
RESPONSE,18,59
RESPONSE,18,6
RESPONSE,18,10
RESPONSE,18,3
RESPONSE,18,8
RESPONSE,18,9
RESPONSE,18,3
RESPONSE,18,3
RESPONSE,18,55
RESPONSE,18,10
RESPONSE,18,9
RESPONSE,18,3
RESPONSE,18,3
RESPONSE,18,3
RESPONSE,18,3
RESPONSE,18,3
RESPONSE,18,59
RESPONSE,18,9
RESPONSE,18,3
RESPONSE,18,8
RESPONSE,18,8
RESPONSE,18,8
RESPONSE,18,4
RESPONSE,18,58
RESPONSE,18,9
RESPONSE,18,3
RESPONSE,18,9
RESPONSE,18,9
RESPONSE,18,65
RESPONSE,18,9
RESPONSE,18,4
RESPONSE,18,3
RESPONSE,18,9
RESPONSE,18,9
RESPONSE,18,8
RESPONSE,18,56
RESPONSE,18,4
RESPONSE,18,3
RESPONSE,18,3
RESPONSE,18,4
RESPONSE,19,3
RESPONSE,19,4
RESPONSE,19,2
RESPONSE,19,2
RESPONSE,19,7
RESPONSE,19,2
RESPONSE,19,7
RESPONSE,19,2
RESPONSE,19,3
RESPONSE,19,2
RESPONSE,19,33
RESPONSE,19,5
RESPONSE,19,8
RESPONSE,19,7
RESPONSE,19,7
RESPONSE,19,7
RESPONSE,19,3
RESPONSE,19,5
RESPONSE,19,55
RESPONSE,19,3
RESPONSE,19,4
RESPONSE,19,3
RESPONSE,19,3
RESPONSE,19,2
RESPONSE,19,10
RESPONSE,19,4
RESPONSE,19,60
RESPONSE,19,3
RESPONSE,19,8
RESPONSE,19,4
RESPONSE,19,10
RESPONSE,19,2
RESPONSE,19,7
RESPONSE,19,3
RESPONSE,19,7
RESPONSE,19,51
RESPONSE,19,7
RESPONSE,19,3
RESPONSE,19,7
RESPONSE,19,3
RESPONSE,19,4
RESPONSE,19,4
RESPONSE,19,3
RESPONSE,19,7
RESPONSE,19,61
RESPONSE,19,7
RESPONSE,19,8
RESPONSE,19,7
RESPONSE,19,3
RESPONSE,19,3
RESPONSE,19,7
RESPONSE,19,55
RESPONSE,19,7
RESPONSE,19,6
RESPONSE,19,3
RESPONSE,19,4
RESPONSE,19,10
RESPONSE,19,8
RESPONSE,19,8
RESPONSE,19,56
RESPONSE,19,6
RESPONSE,19,10
RESPONSE,19,3
RESPONSE,19,9
RESPONSE,19,6
RESPONSE,19,60
RESPONSE,19,7
RESPONSE,19,7
RESPONSE,19,6
RESPONSE,19,4
RESPONSE,19,8
RESPONSE,19,8
RESPONSE,19,58
RESPONSE,19,3
RESPONSE,19,7
RESPONSE,19,8
RESPONSE,19,9
RESPONSE,19,9
RESPONSE,19,60
RESPONSE,19,9
RESPONSE,19,8
RESPONSE,19,11
RESPONSE,19,4
RESPONSE,19,9
RESPONSE,19,51
RESPONSE,19,5
RESPONSE,19,8
RESPONSE,19,11
RESPONSE,19,8
RESPONSE,19,2
RESPONSE,19,11
RESPONSE,19,54
RESPONSE,19,6
RESPONSE,19,7
RESPONSE,19,4
RESPONSE,19,3
RESPONSE,19,8
RESPONSE,19,3
RESPONSE,19,4
RESPONSE,19,58
RESPONSE,19,7
RESPONSE,19,9
RESPONSE,19,4
RESPONSE,19,4
RESPONSE,19,3
RESPONSE,19,2
RESPONSE,19,10
RESPONSE,19,62
RESPONSE,19,8
RESPONSE,19,7
RESPONSE,19,3
RESPONSE,19,8
RESPONSE,19,8
RESPONSE,19,58
RESPONSE,19,9
RESPONSE,19,5
RESPONSE,19,3
RESPONSE,19,9
RESPONSE,19,9
RESPONSE,19,60
RESPONSE,19,9
RESPONSE,19,4
RESPONSE,19,6
RESPONSE,19,4
RESPONSE,19,9
RESPONSE,19,9
RESPONSE,19,58
RESPONSE,19,5
RESPONSE,19,4
RESPONSE,19,3
RESPONSE,19,7
RESPONSE,19,8
RESPONSE,19,8
RESPONSE,19,61
RESPONSE,19,8
RESPONSE,19,4
RESPONSE,19,6
RESPONSE,19,8
RESPONSE,19,3
RESPONSE,19,9
RESPONSE,19,53
RESPONSE,19,12
RESPONSE,19,11
RESPONSE,19,6
RESPONSE,19,6
RESPONSE,19,4
RESPONSE,19,60
RESPONSE,19,4
RESPONSE,19,3
RESPONSE,19,8
RESPONSE,19,8
RESPONSE,19,10
RESPONSE,19,4
RESPONSE,19,3
RESPONSE,19,51
RESPONSE,19,2
RESPONSE,19,4
RESPONSE,19,6
RESPONSE,19,7
RESPONSE,19,6
RESPONSE,19,6
RESPONSE,19,3
RESPONSE,19,63
RESPONSE,19,9
RESPONSE,19,9
RESPONSE,19,9
RESPONSE,19,4
RESPONSE,19,4
RESPONSE,19,4
RESPONSE,19,55
RESPONSE,19,5
RESPONSE,19,3
RESPONSE,19,5
RESPONSE,19,3
RESPONSE,19,6
RESPONSE,19,6
RESPONSE,19,8
RESPONSE,19,62
RESPONSE,19,11
RESPONSE,19,10
RESPONSE,19,7
RESPONSE,19,6
RESPONSE,19,7
RESPONSE,19,51
RESPONSE,19,8
RESPONSE,19,8
RESPONSE,19,9
RESPONSE,19,9
RESPONSE,19,3
RESPONSE,19,3
RESPONSE,19,59
RESPONSE,19,3
RESPONSE,19,6
RESPONSE,19,3
RESPONSE,19,9
RESPONSE,19,9
RESPONSE,19,9
RESPONSE,19,57
RESPONSE,19,9
RESPONSE,19,9
RESPONSE,19,9
RESPONSE,19,8
RESPONSE,19,59
RESPONSE,19,3
RESPONSE,19,5
RESPONSE,19,9
RESPONSE,19,8
RESPONSE,19,7
RESPONSE,19,8
RESPONSE,19,59
RESPONSE,19,3
RESPONSE,19,7
RESPONSE,19,9
RESPONSE,19,10
RESPONSE,19,3
RESPONSE,19,2
RESPONSE,19,62
RESPONSE,19,5
RESPONSE,19,2
RESPONSE,19,2
RESPONSE,19,8
RESPONSE,19,9
RESPONSE,19,3
RESPONSE,19,3
RESPONSE,19,55
RESPONSE,19,8
RESPONSE,19,10
RESPONSE,19,9
RESPONSE,19,8
RESPONSE,19,3
RESPONSE,19,2
RESPONSE,19,56
RESPONSE,19,9
RESPONSE,19,3
RESPONSE,19,3
RESPONSE,19,7
RESPONSE,19,3
RESPONSE,19,2
RESPONSE,19,3
RESPONSE,20,2
RESPONSE,20,2
RESPONSE,20,3
RESPONSE,20,5
RESPONSE,20,2
RESPONSE,20,3
RESPONSE,20,7
RESPONSE,20,8
RESPONSE,20,3
RESPONSE,20,3
RESPONSE,20,5
RESPONSE,20,7
RESPONSE,20,59
RESPONSE,20,7
RESPONSE,20,3
RESPONSE,20,3
RESPONSE,20,3
RESPONSE,20,3
RESPONSE,20,8
RESPONSE,20,8
RESPONSE,20,3
RESPONSE,20,4
RESPONSE,20,57
RESPONSE,20,3
RESPONSE,20,8
RESPONSE,20,7
RESPONSE,20,3
RESPONSE,20,7
RESPONSE,20,2
RESPONSE,20,6
RESPONSE,20,58
RESPONSE,20,3
RESPONSE,20,8
RESPONSE,20,3
RESPONSE,20,4
RESPONSE,20,4
RESPONSE,20,8
RESPONSE,20,9
RESPONSE,20,56
RESPONSE,20,3
RESPONSE,20,10
RESPONSE,20,7
RESPONSE,20,5
RESPONSE,20,3
RESPONSE,20,8
RESPONSE,20,55
RESPONSE,20,10
RESPONSE,20,10
RESPONSE,20,10
RESPONSE,20,7
RESPONSE,20,4
RESPONSE,20,3
RESPONSE,20,60
RESPONSE,20,3
RESPONSE,20,8
RESPONSE,20,10
RESPONSE,20,3
RESPONSE,20,9
RESPONSE,20,60
RESPONSE,20,8
RESPONSE,20,3
RESPONSE,20,3
RESPONSE,20,3
RESPONSE,20,11
RESPONSE,20,9
RESPONSE,20,62
RESPONSE,20,2
RESPONSE,20,4
RESPONSE,20,4
RESPONSE,20,4
RESPONSE,20,4
RESPONSE,20,6
RESPONSE,20,63
RESPONSE,20,7
RESPONSE,20,9
RESPONSE,20,9
RESPONSE,20,3
RESPONSE,20,6
RESPONSE,20,60
RESPONSE,20,8
RESPONSE,20,3
RESPONSE,20,7
RESPONSE,20,2
RESPONSE,20,10
RESPONSE,20,10
RESPONSE,20,54
RESPONSE,20,5
RESPONSE,20,10
RESPONSE,20,10
RESPONSE,20,8
RESPONSE,20,9
RESPONSE,20,60
RESPONSE,20,8
RESPONSE,20,7
RESPONSE,20,10
RESPONSE,20,7
RESPONSE,20,3
RESPONSE,20,54
RESPONSE,20,4
RESPONSE,20,3
RESPONSE,20,9
RESPONSE,20,3
RESPONSE,20,3
RESPONSE,20,7
RESPONSE,20,7
RESPONSE,20,7
RESPONSE,20,2
RESPONSE,20,54
RESPONSE,20,4
RESPONSE,20,4
RESPONSE,20,8
RESPONSE,20,4
RESPONSE,20,4
RESPONSE,20,8
RESPONSE,20,63
RESPONSE,20,2
RESPONSE,20,3
RESPONSE,20,8
RESPONSE,20,3
RESPONSE,20,6
RESPONSE,20,9
RESPONSE,20,3
RESPONSE,20,3
RESPONSE,20,55
RESPONSE,20,3
RESPONSE,20,3
RESPONSE,20,8
RESPONSE,20,8
RESPONSE,20,9
RESPONSE,20,3
RESPONSE,20,58
RESPONSE,20,3
RESPONSE,20,4
RESPONSE,20,3
RESPONSE,20,8
RESPONSE,20,7
RESPONSE,20,7
RESPONSE,20,3
RESPONSE,20,60
RESPONSE,20,10
RESPONSE,20,3
RESPONSE,20,8
RESPONSE,20,3
RESPONSE,20,11
RESPONSE,20,8
RESPONSE,20,52
RESPONSE,20,8
RESPONSE,20,7
RESPONSE,20,3
RESPONSE,20,3
RESPONSE,20,8
RESPONSE,20,3
RESPONSE,20,7
RESPONSE,20,55
RESPONSE,20,3
RESPONSE,20,3
RESPONSE,20,3
RESPONSE,20,7
RESPONSE,20,3
RESPONSE,20,10
RESPONSE,20,8
RESPONSE,20,57
RESPONSE,20,3
RESPONSE,20,9
RESPONSE,20,7
RESPONSE,20,9
RESPONSE,20,8
RESPONSE,20,58
RESPONSE,20,8
RESPONSE,20,8
RESPONSE,20,10
RESPONSE,20,3
RESPONSE,20,3
RESPONSE,20,7
RESPONSE,20,60
RESPONSE,20,8
RESPONSE,20,9
RESPONSE,20,9
RESPONSE,20,9
RESPONSE,20,3
RESPONSE,20,59
RESPONSE,20,3
RESPONSE,20,7
RESPONSE,20,8
RESPONSE,20,9
RESPONSE,20,10
RESPONSE,20,58
RESPONSE,20,10
RESPONSE,20,3
RESPONSE,20,8
RESPONSE,20,8
RESPONSE,20,8
RESPONSE,20,56
RESPONSE,20,8
RESPONSE,20,7
RESPONSE,20,8
RESPONSE,20,10
RESPONSE,20,62
RESPONSE,20,2
RESPONSE,20,3
RESPONSE,20,7
RESPONSE,20,7
RESPONSE,20,8
RESPONSE,20,5
RESPONSE,20,8
RESPONSE,20,56
RESPONSE,20,4
RESPONSE,20,7
RESPONSE,20,7
RESPONSE,20,7
RESPONSE,20,7
RESPONSE,20,3
RESPONSE,20,4
RESPONSE,20,55
RESPONSE,20,6
RESPONSE,20,5
RESPONSE,20,7
RESPONSE,20,7
RESPONSE,20,9
RESPONSE,20,4
RESPONSE,20,60
RESPONSE,20,5
RESPONSE,20,5
RESPONSE,20,3
RESPONSE,20,3
RESPONSE,20,3
RESPONSE,20,3
RESPONSE,20,3
RESPONSE,20,7
RESPONSE,20,55
RESPONSE,20,6
RESPONSE,20,7
RESPONSE,20,2
RESPONSE,20,5
RESPONSE,20,5
RESPONSE,20,7
RESPONSE,20,8
RESPONSE,20,2
RESPONSE,20,52
RESPONSE,21,5
RESPONSE,21,3
RESPONSE,21,4
RESPONSE,21,4
RESPONSE,21,3
RESPONSE,21,3
RESPONSE,21,4
RESPONSE,21,9
RESPONSE,21,10
RESPONSE,21,8
RESPONSE,21,4
RESPONSE,21,3
RESPONSE,21,5
RESPONSE,21,2
RESPONSE,21,3
RESPONSE,21,4
RESPONSE,21,61
RESPONSE,21,8
RESPONSE,21,10
RESPONSE,21,4
RESPONSE,21,4
RESPONSE,21,4
RESPONSE,21,3
RESPONSE,21,3
RESPONSE,21,3
RESPONSE,21,3
RESPONSE,21,56
RESPONSE,21,7
RESPONSE,21,8
RESPONSE,21,3
RESPONSE,21,9
RESPONSE,21,9
RESPONSE,21,63
RESPONSE,21,9
RESPONSE,21,4
RESPONSE,21,3
RESPONSE,21,8
RESPONSE,21,3
RESPONSE,21,9
RESPONSE,21,2
RESPONSE,21,52
RESPONSE,21,8
RESPONSE,21,4
RESPONSE,21,7
RESPONSE,21,9
RESPONSE,21,5
RESPONSE,21,5
RESPONSE,21,55
RESPONSE,21,10
RESPONSE,21,7
RESPONSE,21,10
RESPONSE,21,8
RESPONSE,21,10
RESPONSE,21,58
RESPONSE,21,4
RESPONSE,21,10
RESPONSE,21,4
RESPONSE,21,11
RESPONSE,21,60
RESPONSE,21,4
RESPONSE,21,5
RESPONSE,21,5
RESPONSE,21,9
RESPONSE,21,10
RESPONSE,21,9
RESPONSE,21,52
RESPONSE,21,9
RESPONSE,21,9
RESPONSE,21,6
RESPONSE,21,3
RESPONSE,21,5
RESPONSE,21,9
RESPONSE,21,55
RESPONSE,21,10
RESPONSE,21,3
RESPONSE,21,6
RESPONSE,21,9
RESPONSE,21,3
RESPONSE,21,3
RESPONSE,21,4
RESPONSE,21,62
RESPONSE,21,8
RESPONSE,21,9
RESPONSE,21,8
RESPONSE,21,9
RESPONSE,21,61
RESPONSE,21,3
RESPONSE,21,3
RESPONSE,21,9
RESPONSE,21,2
RESPONSE,21,8
RESPONSE,21,11
RESPONSE,21,56
RESPONSE,21,9
RESPONSE,21,10
RESPONSE,21,3
RESPONSE,21,9
RESPONSE,21,9
RESPONSE,21,57
RESPONSE,21,6
RESPONSE,21,2
RESPONSE,21,2
RESPONSE,21,3
RESPONSE,21,4
RESPONSE,21,3
RESPONSE,21,10
RESPONSE,21,7
RESPONSE,21,55
RESPONSE,21,9
RESPONSE,21,3
RESPONSE,21,4
RESPONSE,21,4
RESPONSE,21,4
RESPONSE,21,4
RESPONSE,21,4
RESPONSE,21,2
RESPONSE,21,61
RESPONSE,21,9
RESPONSE,21,6
RESPONSE,21,9
RESPONSE,21,5
RESPONSE,21,4
RESPONSE,21,4
RESPONSE,21,56
RESPONSE,21,3
RESPONSE,21,7
RESPONSE,21,5
RESPONSE,21,4
RESPONSE,21,2
RESPONSE,21,2
RESPONSE,21,2
RESPONSE,21,3
RESPONSE,21,60
RESPONSE,21,9
RESPONSE,21,9
RESPONSE,21,9
RESPONSE,21,9
RESPONSE,21,8
RESPONSE,21,58
RESPONSE,21,4
RESPONSE,21,8
RESPONSE,21,7
RESPONSE,21,3
RESPONSE,21,4
RESPONSE,21,4
RESPONSE,21,9
RESPONSE,21,51
RESPONSE,21,6
RESPONSE,21,7
RESPONSE,21,5
RESPONSE,21,7
RESPONSE,21,7
RESPONSE,21,7
RESPONSE,21,57
RESPONSE,21,2
RESPONSE,21,11
RESPONSE,21,5
RESPONSE,21,9
RESPONSE,21,3
RESPONSE,21,5
RESPONSE,21,5
RESPONSE,21,50
RESPONSE,21,3
RESPONSE,21,7
RESPONSE,21,7
RESPONSE,21,9
RESPONSE,21,3
RESPONSE,21,10
RESPONSE,21,55
RESPONSE,21,10
RESPONSE,21,9
RESPONSE,21,10
RESPONSE,21,8
RESPONSE,21,9
RESPONSE,21,57
RESPONSE,21,4
RESPONSE,21,9
RESPONSE,21,7
RESPONSE,21,2
RESPONSE,21,8
RESPONSE,21,2
RESPONSE,21,59
RESPONSE,21,3
RESPONSE,21,8
RESPONSE,21,8
RESPONSE,21,7
RESPONSE,21,7
RESPONSE,21,10
RESPONSE,21,56
RESPONSE,21,3
RESPONSE,21,8
RESPONSE,21,3
RESPONSE,21,4
RESPONSE,21,9
RESPONSE,21,4
RESPONSE,21,55
RESPONSE,21,3
RESPONSE,21,9
RESPONSE,21,8
RESPONSE,21,8
RESPONSE,21,7
RESPONSE,21,7
RESPONSE,21,57
RESPONSE,21,4
RESPONSE,21,8
RESPONSE,21,10
RESPONSE,21,11
RESPONSE,21,62
RESPONSE,21,8
RESPONSE,21,8
RESPONSE,21,9
RESPONSE,21,9
RESPONSE,21,7
RESPONSE,21,55
RESPONSE,21,3
RESPONSE,21,3
RESPONSE,21,3
RESPONSE,21,9
RESPONSE,21,5
RESPONSE,21,3
RESPONSE,21,4
RESPONSE,21,4
RESPONSE,21,3
RESPONSE,21,55
RESPONSE,21,3
RESPONSE,21,8
RESPONSE,21,8
RESPONSE,21,2
RESPONSE,21,3
RESPONSE,21,3
RESPONSE,21,9
RESPONSE,21,4
RESPONSE,21,56
RESPONSE,21,7
RESPONSE,21,2
RESPONSE,21,3
RESPONSE,21,3
RESPONSE,21,3
RESPONSE,21,8
RESPONSE,22,8
RESPONSE,22,3
RESPONSE,22,2
RESPONSE,22,7
RESPONSE,22,7
RESPONSE,22,40
RESPONSE,22,5
RESPONSE,22,4
RESPONSE,22,4
RESPONSE,22,13
RESPONSE,22,9
RESPONSE,22,4
RESPONSE,22,55
RESPONSE,22,10
RESPONSE,22,8
RESPONSE,22,4
RESPONSE,22,10
RESPONSE,22,8
RESPONSE,22,4
RESPONSE,22,55
RESPONSE,22,5
RESPONSE,22,8
RESPONSE,22,9
RESPONSE,22,7
RESPONSE,22,7
RESPONSE,22,58
RESPONSE,22,5
RESPONSE,22,3
RESPONSE,22,6
RESPONSE,22,4
RESPONSE,22,4
RESPONSE,22,8
RESPONSE,22,8
RESPONSE,22,60
RESPONSE,22,3
RESPONSE,22,4
RESPONSE,22,3
RESPONSE,22,10
RESPONSE,22,6
RESPONSE,22,5
RESPONSE,22,9
RESPONSE,22,51
RESPONSE,22,4
RESPONSE,22,4
RESPONSE,22,9
RESPONSE,22,7
RESPONSE,22,3
RESPONSE,22,4
RESPONSE,22,4
RESPONSE,22,61
RESPONSE,22,9
RESPONSE,22,2
RESPONSE,22,2
RESPONSE,22,10
RESPONSE,22,11
RESPONSE,22,9
RESPONSE,22,55
RESPONSE,22,9
RESPONSE,22,2
RESPONSE,22,3
RESPONSE,22,2
RESPONSE,22,9
RESPONSE,22,8
RESPONSE,22,60
RESPONSE,22,9
RESPONSE,22,9
RESPONSE,22,8
RESPONSE,22,8
RESPONSE,22,3
RESPONSE,22,3
RESPONSE,22,2
RESPONSE,22,57
RESPONSE,22,8
RESPONSE,22,10
RESPONSE,22,9
RESPONSE,22,8
RESPONSE,22,61
RESPONSE,22,7
RESPONSE,22,2
RESPONSE,22,8
RESPONSE,22,8
RESPONSE,22,9
RESPONSE,22,8
RESPONSE,22,56
RESPONSE,22,3
RESPONSE,22,2
RESPONSE,22,4
RESPONSE,22,8
RESPONSE,22,8
RESPONSE,22,7
RESPONSE,22,61
RESPONSE,22,9
RESPONSE,22,4
RESPONSE,22,9
RESPONSE,22,3
RESPONSE,22,8
RESPONSE,22,59
RESPONSE,22,8
RESPONSE,22,4
RESPONSE,22,6
RESPONSE,22,10
RESPONSE,22,3
RESPONSE,22,7
RESPONSE,22,62
RESPONSE,22,3
RESPONSE,22,4
RESPONSE,22,3
RESPONSE,22,7
RESPONSE,22,13
RESPONSE,22,7
RESPONSE,22,56
RESPONSE,22,3
RESPONSE,22,7
RESPONSE,22,11
RESPONSE,22,2
RESPONSE,22,3
RESPONSE,22,8
RESPONSE,22,62
RESPONSE,22,7
RESPONSE,22,7
RESPONSE,22,11
RESPONSE,22,6
RESPONSE,22,9
RESPONSE,22,56
RESPONSE,22,3
RESPONSE,22,9
RESPONSE,22,3
RESPONSE,22,3
RESPONSE,22,12
RESPONSE,22,4
RESPONSE,22,62
RESPONSE,22,6
RESPONSE,22,4
RESPONSE,22,8
RESPONSE,22,4
RESPONSE,22,9
RESPONSE,22,3
RESPONSE,22,61
RESPONSE,22,7
RESPONSE,22,8
RESPONSE,22,8
RESPONSE,22,8
RESPONSE,22,2
RESPONSE,22,62
RESPONSE,22,9
RESPONSE,22,5
RESPONSE,22,3
RESPONSE,22,10
RESPONSE,22,8
RESPONSE,22,10
RESPONSE,22,56
RESPONSE,22,3
RESPONSE,22,8
RESPONSE,22,8
RESPONSE,22,4
RESPONSE,22,3
RESPONSE,22,3
RESPONSE,22,8
RESPONSE,22,51
RESPONSE,22,5
RESPONSE,22,4
RESPONSE,22,4
RESPONSE,22,4
RESPONSE,22,4
RESPONSE,22,4
RESPONSE,22,4
RESPONSE,22,3
RESPONSE,22,4
RESPONSE,22,3
RESPONSE,22,4
RESPONSE,22,52
RESPONSE,22,3
RESPONSE,22,3
RESPONSE,22,9
RESPONSE,22,9
RESPONSE,22,4
RESPONSE,22,3
RESPONSE,22,3
RESPONSE,22,5
RESPONSE,22,62
RESPONSE,22,9
RESPONSE,22,8
RESPONSE,22,8
RESPONSE,22,9
RESPONSE,22,6
RESPONSE,22,52
RESPONSE,22,8
RESPONSE,22,8
RESPONSE,22,3
RESPONSE,22,6
RESPONSE,22,9
RESPONSE,22,7
RESPONSE,22,3
RESPONSE,22,53
RESPONSE,22,4
RESPONSE,22,10
RESPONSE,22,5
RESPONSE,22,4
RESPONSE,22,3
RESPONSE,22,2
RESPONSE,22,8
RESPONSE,22,62
RESPONSE,22,10
RESPONSE,22,8
RESPONSE,22,3
RESPONSE,22,6
RESPONSE,22,8
RESPONSE,22,60
RESPONSE,22,8
RESPONSE,22,9
RESPONSE,22,2
RESPONSE,22,3
RESPONSE,22,6
RESPONSE,22,3
RESPONSE,22,6
RESPONSE,22,52
RESPONSE,22,4
RESPONSE,22,3
RESPONSE,22,10
RESPONSE,22,7
RESPONSE,22,3
RESPONSE,22,6
RESPONSE,22,8
RESPONSE,22,52
RESPONSE,22,4
RESPONSE,22,3
RESPONSE,22,3
RESPONSE,22,9
RESPONSE,22,3
RESPONSE,22,4
RESPONSE,22,6
RESPONSE,22,4
RESPONSE,22,3
RESPONSE,22,5
RESPONSE,22,50
RESPONSE,22,4
RESPONSE,22,3
RESPONSE,22,4
RESPONSE,22,3
RESPONSE,23,8
RESPONSE,23,6
RESPONSE,23,3
RESPONSE,23,5
RESPONSE,23,8
RESPONSE,23,5
RESPONSE,23,3
RESPONSE,23,5
RESPONSE,23,8
RESPONSE,23,9
RESPONSE,23,62
RESPONSE,23,5
RESPONSE,23,3
RESPONSE,23,11
RESPONSE,23,4
RESPONSE,23,6
RESPONSE,23,55
RESPONSE,23,3
RESPONSE,23,5
RESPONSE,23,3
RESPONSE,23,8
RESPONSE,23,8
RESPONSE,23,7
RESPONSE,23,61
RESPONSE,23,2
RESPONSE,23,5
RESPONSE,23,7
RESPONSE,23,7
RESPONSE,23,9
RESPONSE,23,4
RESPONSE,23,3
RESPONSE,23,5
RESPONSE,23,3
RESPONSE,23,58
RESPONSE,23,3
RESPONSE,23,9
RESPONSE,23,4
RESPONSE,23,3
RESPONSE,23,4
RESPONSE,23,9
RESPONSE,23,61
RESPONSE,23,9
RESPONSE,23,2
RESPONSE,23,11
RESPONSE,23,10
RESPONSE,23,3
RESPONSE,23,58
RESPONSE,23,8
RESPONSE,23,3
RESPONSE,23,2
RESPONSE,23,3
RESPONSE,23,7
RESPONSE,23,5
RESPONSE,23,7
RESPONSE,23,5
RESPONSE,23,55
RESPONSE,23,10
RESPONSE,23,8
RESPONSE,23,10
RESPONSE,23,10
RESPONSE,23,52
RESPONSE,23,6
RESPONSE,23,4
RESPONSE,23,11
RESPONSE,23,4
RESPONSE,23,9
RESPONSE,23,61
RESPONSE,23,3
RESPONSE,23,5
RESPONSE,23,9
RESPONSE,23,10
RESPONSE,23,5
RESPONSE,23,4
RESPONSE,23,4
RESPONSE,23,3
RESPONSE,23,58
RESPONSE,23,4
RESPONSE,23,4
RESPONSE,23,4
RESPONSE,23,8
RESPONSE,23,4
RESPONSE,23,8
RESPONSE,23,58
RESPONSE,23,7
RESPONSE,23,4
RESPONSE,23,10
RESPONSE,23,10
RESPONSE,23,3
RESPONSE,23,5
RESPONSE,23,3
RESPONSE,23,58
RESPONSE,23,4
RESPONSE,23,10
RESPONSE,23,3
RESPONSE,23,4
RESPONSE,23,10
RESPONSE,23,62
RESPONSE,23,8
RESPONSE,23,7
RESPONSE,23,8
RESPONSE,23,7
RESPONSE,23,4
RESPONSE,23,62
RESPONSE,23,9
RESPONSE,23,3
RESPONSE,23,8
RESPONSE,23,4
RESPONSE,23,2
RESPONSE,23,11
RESPONSE,23,63
RESPONSE,23,4
RESPONSE,23,4
RESPONSE,23,9
RESPONSE,23,9
RESPONSE,23,3
RESPONSE,23,3
RESPONSE,23,60
RESPONSE,23,8
RESPONSE,23,3
RESPONSE,23,9
RESPONSE,23,9
RESPONSE,23,8
RESPONSE,23,54
RESPONSE,23,6
RESPONSE,23,6
RESPONSE,23,7
RESPONSE,23,3
RESPONSE,23,8
RESPONSE,23,2
RESPONSE,23,8
RESPONSE,23,58
RESPONSE,23,9
RESPONSE,23,6
RESPONSE,23,8
RESPONSE,23,4
RESPONSE,23,3
RESPONSE,23,3
RESPONSE,23,4
RESPONSE,23,3
RESPONSE,23,51
RESPONSE,23,8
RESPONSE,23,3
RESPONSE,23,3
RESPONSE,23,3
RESPONSE,23,3
RESPONSE,23,9
RESPONSE,23,7
RESPONSE,23,3
RESPONSE,23,60
RESPONSE,23,8
RESPONSE,23,3
RESPONSE,23,3
RESPONSE,23,3
RESPONSE,23,8
RESPONSE,23,5
RESPONSE,23,62
RESPONSE,23,2
RESPONSE,23,10
RESPONSE,23,8
RESPONSE,23,4
RESPONSE,23,8
RESPONSE,23,62
RESPONSE,23,9
RESPONSE,23,4
RESPONSE,23,2
RESPONSE,23,3
RESPONSE,23,10
RESPONSE,23,2
RESPONSE,23,11
RESPONSE,23,56
RESPONSE,23,7
RESPONSE,23,8
RESPONSE,23,4
RESPONSE,23,11
RESPONSE,23,6
RESPONSE,23,60
RESPONSE,23,8
RESPONSE,23,5
RESPONSE,23,8
RESPONSE,23,8
RESPONSE,23,5
RESPONSE,23,62
RESPONSE,23,10
RESPONSE,23,11
RESPONSE,23,9
RESPONSE,23,64
RESPONSE,23,4
RESPONSE,23,3
RESPONSE,23,4
RESPONSE,23,8
RESPONSE,23,3
RESPONSE,23,3
RESPONSE,23,3
RESPONSE,23,2
RESPONSE,23,3
RESPONSE,23,62
RESPONSE,23,9
RESPONSE,23,8
RESPONSE,23,7
RESPONSE,23,9
RESPONSE,23,9
RESPONSE,23,56
RESPONSE,23,3
RESPONSE,23,9
RESPONSE,23,7
RESPONSE,23,8
RESPONSE,23,8
RESPONSE,23,56
RESPONSE,23,7
RESPONSE,23,3
RESPONSE,23,9
RESPONSE,23,9
RESPONSE,23,7
RESPONSE,23,9
RESPONSE,23,57
RESPONSE,23,7
RESPONSE,23,7
RESPONSE,23,3
RESPONSE,23,9
RESPONSE,23,3
RESPONSE,23,60
RESPONSE,23,4
RESPONSE,23,2
RESPONSE,23,6
RESPONSE,23,7
RESPONSE,23,5
RESPONSE,23,5
RESPONSE,23,7
RESPONSE,23,7
RESPONSE,23,53
RESPONSE,23,8
RESPONSE,23,7
RESPONSE,23,7
RESPONSE,23,2
RESPONSE,23,4
RESPONSE,23,3
RESPONSE,23,3
RESPONSE,23,55
RESPONSE,23,2
RESPONSE,24,8
RESPONSE,24,9
RESPONSE,24,29
RESPONSE,24,11
RESPONSE,24,13
RESPONSE,24,3
RESPONSE,24,11
RESPONSE,24,58
RESPONSE,24,2
RESPONSE,24,12
RESPONSE,24,4
RESPONSE,24,14
RESPONSE,24,3
RESPONSE,24,64
RESPONSE,24,4
RESPONSE,24,11
RESPONSE,24,13
RESPONSE,24,4
RESPONSE,24,61
RESPONSE,24,3
RESPONSE,24,12
RESPONSE,24,12
RESPONSE,24,3
RESPONSE,24,11
RESPONSE,24,55
RESPONSE,24,12
RESPONSE,24,3
RESPONSE,24,11
RESPONSE,24,3
RESPONSE,24,64
RESPONSE,24,3
RESPONSE,24,12
RESPONSE,24,4
RESPONSE,24,14
RESPONSE,24,4
RESPONSE,24,60
RESPONSE,24,4
RESPONSE,24,13
RESPONSE,24,4
RESPONSE,24,12
RESPONSE,24,4
RESPONSE,24,64
RESPONSE,24,13
RESPONSE,24,12
RESPONSE,24,12
RESPONSE,24,63
RESPONSE,24,12
RESPONSE,24,3
RESPONSE,24,13
RESPONSE,24,4
RESPONSE,24,65
RESPONSE,24,4
RESPONSE,24,14
RESPONSE,24,10
RESPONSE,24,60
RESPONSE,24,12
RESPONSE,24,12
RESPONSE,24,12
RESPONSE,24,12
RESPONSE,24,61
RESPONSE,24,11
RESPONSE,24,11
RESPONSE,24,11
RESPONSE,24,63
RESPONSE,24,13
RESPONSE,24,13
RESPONSE,24,12
RESPONSE,24,51
RESPONSE,24,13
RESPONSE,24,4
RESPONSE,24,11
RESPONSE,24,3
RESPONSE,24,64
RESPONSE,24,3
RESPONSE,24,11
RESPONSE,24,3
RESPONSE,24,11
RESPONSE,24,3
RESPONSE,24,11
RESPONSE,24,51
RESPONSE,24,11
RESPONSE,24,11
RESPONSE,24,13
RESPONSE,24,4
RESPONSE,24,64
RESPONSE,24,12
RESPONSE,24,12
RESPONSE,24,14
RESPONSE,24,62
RESPONSE,24,12
RESPONSE,24,12
RESPONSE,24,64
RESPONSE,24,14
RESPONSE,24,11
RESPONSE,24,11
RESPONSE,24,11
RESPONSE,24,60
RESPONSE,24,13
RESPONSE,24,11
RESPONSE,24,64
RESPONSE,24,11
RESPONSE,24,11
RESPONSE,24,4
RESPONSE,24,15
RESPONSE,24,60
RESPONSE,24,12
RESPONSE,24,14
RESPONSE,24,66
RESPONSE,24,12
RESPONSE,24,3
RESPONSE,24,12
RESPONSE,24,3
RESPONSE,24,11
RESPONSE,24,3
RESPONSE,24,59
RESPONSE,24,3
RESPONSE,24,11
RESPONSE,24,11
RESPONSE,24,64
RESPONSE,24,11
RESPONSE,24,12
RESPONSE,24,12
RESPONSE,24,60
RESPONSE,24,11
RESPONSE,24,4
RESPONSE,24,11
RESPONSE,24,4
RESPONSE,24,12
RESPONSE,24,3
RESPONSE,24,61
RESPONSE,24,4
RESPONSE,24,13
RESPONSE,24,3
RESPONSE,24,12
RESPONSE,24,56
RESPONSE,24,12
RESPONSE,24,3
RESPONSE,24,12
RESPONSE,24,12
RESPONSE,24,61
RESPONSE,24,12
RESPONSE,24,3
RESPONSE,24,11
RESPONSE,24,65
RESPONSE,24,12
RESPONSE,24,11
RESPONSE,24,13
RESPONSE,24,63
RESPONSE,24,11
RESPONSE,24,3
RESPONSE,24,14
RESPONSE,24,4
RESPONSE,24,11
RESPONSE,24,60
RESPONSE,24,12
RESPONSE,24,14
RESPONSE,24,63
RESPONSE,24,11
RESPONSE,24,11
RESPONSE,24,11
RESPONSE,24,11
RESPONSE,24,60
RESPONSE,24,11
RESPONSE,24,13
RESPONSE,24,11
RESPONSE,24,64
RESPONSE,24,12
RESPONSE,24,12
RESPONSE,24,11
RESPONSE,24,59
RESPONSE,24,12
RESPONSE,24,12
RESPONSE,24,12
RESPONSE,24,65
RESPONSE,24,11
RESPONSE,24,11
RESPONSE,24,11
RESPONSE,24,59
RESPONSE,24,11
RESPONSE,24,12
RESPONSE,24,13
RESPONSE,24,61
RESPONSE,24,3
RESPONSE,24,11
RESPONSE,24,3
RESPONSE,24,12
RESPONSE,24,3
RESPONSE,24,66
RESPONSE,24,11
RESPONSE,24,12
RESPONSE,24,11
RESPONSE,24,56
RESPONSE,24,14
RESPONSE,24,14
RESPONSE,24,14
RESPONSE,24,4
RESPONSE,24,59
RESPONSE,24,3
RESPONSE,24,12
RESPONSE,24,4
RESPONSE,24,11
RESPONSE,24,56
RESPONSE,24,11
RESPONSE,24,13
RESPONSE,24,4
RESPONSE,24,14
RESPONSE,24,56
RESPONSE,24,11
RESPONSE,24,11
RESPONSE,24,11
RESPONSE,24,64
RESPONSE,24,4
RESPONSE,24,12
RESPONSE,24,12
RESPONSE,24,3
RESPONSE,24,11
RESPONSE,24,63
RESPONSE,24,3
RESPONSE,24,11
RESPONSE,24,3
RESPONSE,24,12
RESPONSE,24,60
RESPONSE,24,4
RESPONSE,24,10
RESPONSE,24,5
RESPONSE,24,9
RESPONSE,24,10
RESPONSE,24,63
RESPONSE,24,4
RESPONSE,24,10
RESPONSE,24,3
RESPONSE,24,9
RESPONSE,24,4
RESPONSE,24,60
RESPONSE,24,14
RESPONSE,24,4
RESPONSE,24,12
RESPONSE,24,9
RESPONSE,24,56
RESPONSE,25,10
RESPONSE,25,59
RESPONSE,25,14
RESPONSE,25,6
RESPONSE,25,12
RESPONSE,25,13
RESPONSE,25,60
RESPONSE,25,12
RESPONSE,25,14
RESPONSE,25,65
RESPONSE,25,14
RESPONSE,25,12
RESPONSE,25,3
RESPONSE,25,12
RESPONSE,25,62
RESPONSE,25,4
RESPONSE,25,11
RESPONSE,25,3
RESPONSE,25,14
RESPONSE,25,61
RESPONSE,25,14
RESPONSE,25,12
RESPONSE,25,15
RESPONSE,25,60
RESPONSE,25,12
RESPONSE,25,12
RESPONSE,25,12
RESPONSE,25,64
RESPONSE,25,13
RESPONSE,25,12
RESPONSE,25,12
RESPONSE,25,60
RESPONSE,25,4
RESPONSE,25,12
RESPONSE,25,4
RESPONSE,25,13
RESPONSE,25,61
RESPONSE,25,16
RESPONSE,25,11
RESPONSE,25,13
RESPONSE,25,52
RESPONSE,25,12
RESPONSE,25,11
RESPONSE,25,12
RESPONSE,25,13
RESPONSE,25,60
RESPONSE,25,11
RESPONSE,25,11
RESPONSE,25,4
RESPONSE,25,60
RESPONSE,25,4
RESPONSE,25,12
RESPONSE,25,4
RESPONSE,25,12
RESPONSE,25,65
RESPONSE,25,12
RESPONSE,25,16
RESPONSE,25,11
RESPONSE,25,64
RESPONSE,25,12
RESPONSE,25,12
RESPONSE,25,11
RESPONSE,25,60
RESPONSE,25,14
RESPONSE,25,13
RESPONSE,25,14
RESPONSE,25,60
RESPONSE,25,12
RESPONSE,25,13
RESPONSE,25,14
RESPONSE,25,54
RESPONSE,25,13
RESPONSE,25,12
RESPONSE,25,13
RESPONSE,25,60
RESPONSE,25,14
RESPONSE,25,11
RESPONSE,25,12
RESPONSE,25,60
RESPONSE,25,11
RESPONSE,25,12
RESPONSE,25,12
RESPONSE,25,64
RESPONSE,25,15
RESPONSE,25,11
RESPONSE,25,13
RESPONSE,25,60
RESPONSE,25,14
RESPONSE,25,14
RESPONSE,25,65
RESPONSE,25,14
RESPONSE,25,14
RESPONSE,25,14
RESPONSE,25,66
RESPONSE,25,14
RESPONSE,25,12
RESPONSE,25,3
RESPONSE,25,65
RESPONSE,25,4
RESPONSE,25,16
RESPONSE,25,4
RESPONSE,25,16
RESPONSE,25,61
RESPONSE,25,14
RESPONSE,25,14
RESPONSE,25,62
RESPONSE,25,11
RESPONSE,25,11
RESPONSE,25,11
RESPONSE,25,62
RESPONSE,25,15
RESPONSE,25,12
RESPONSE,25,12
RESPONSE,25,63
RESPONSE,25,12
RESPONSE,25,12
RESPONSE,25,11
RESPONSE,25,61
RESPONSE,25,11
RESPONSE,25,12
RESPONSE,25,11
RESPONSE,25,61
RESPONSE,25,4
RESPONSE,25,12
RESPONSE,25,4
RESPONSE,25,12
RESPONSE,25,4
RESPONSE,25,64
RESPONSE,25,11
RESPONSE,25,13
RESPONSE,25,65
RESPONSE,25,12
RESPONSE,25,13
RESPONSE,25,12
RESPONSE,25,65
RESPONSE,25,12
RESPONSE,25,12
RESPONSE,25,17
RESPONSE,25,61
RESPONSE,25,13
RESPONSE,25,4
RESPONSE,25,11
RESPONSE,25,4
RESPONSE,25,61
RESPONSE,25,4
RESPONSE,25,13
RESPONSE,25,4
RESPONSE,25,68
RESPONSE,25,3
RESPONSE,25,12
RESPONSE,25,4
RESPONSE,25,13
RESPONSE,25,3
RESPONSE,25,60
RESPONSE,25,9
RESPONSE,25,14
RESPONSE,25,12
RESPONSE,25,68
RESPONSE,25,13
RESPONSE,25,14
RESPONSE,25,13
RESPONSE,25,66
RESPONSE,25,4
RESPONSE,25,14
RESPONSE,25,4
RESPONSE,25,62
RESPONSE,25,4
RESPONSE,25,14
RESPONSE,25,4
RESPONSE,25,12
RESPONSE,25,64
RESPONSE,25,14
RESPONSE,25,13
RESPONSE,25,14
RESPONSE,25,60
RESPONSE,25,13
RESPONSE,25,14
RESPONSE,25,66
RESPONSE,25,12
RESPONSE,25,16
RESPONSE,25,13
RESPONSE,25,60
RESPONSE,25,13
RESPONSE,25,14
RESPONSE,25,12
RESPONSE,25,65
RESPONSE,25,12
RESPONSE,25,12
RESPONSE,25,14
RESPONSE,25,63
RESPONSE,25,12
RESPONSE,25,12
RESPONSE,25,3
RESPONSE,25,64
RESPONSE,25,3
RESPONSE,25,11
RESPONSE,25,11
RESPONSE,25,13
RESPONSE,25,60
RESPONSE,25,11
RESPONSE,25,4
RESPONSE,25,14
RESPONSE,25,4
RESPONSE,25,64
RESPONSE,25,12
RESPONSE,25,4
RESPONSE,25,12
RESPONSE,25,3
RESPONSE,25,61
RESPONSE,25,12
RESPONSE,25,12
RESPONSE,25,9
RESPONSE,25,62
RESPONSE,25,3
RESPONSE,25,10
RESPONSE,25,9
RESPONSE,25,9
RESPONSE,25,4
RESPONSE,25,4
RESPONSE,25,52
RESPONSE,25,4
RESPONSE,25,3
RESPONSE,25,4
RESPONSE,25,2
RESPONSE,25,3
RESPONSE,25,2
RESPONSE,25,2
RESPONSE,25,2
RESPONSE,25,4
RESPONSE,25,3
RESPONSE,25,3
RESPONSE,25,3
RESPONSE,25,2
RESPONSE,25,2
RESPONSE,25,52
RESPONSE,25,2
RESPONSE,25,2
RESPONSE,25,2
RESPONSE,25,2
RESPONSE,26,5
RESPONSE,26,2
RESPONSE,26,2
RESPONSE,26,4
RESPONSE,26,2
RESPONSE,26,9
RESPONSE,26,5
RESPONSE,26,7
RESPONSE,26,9
RESPONSE,26,55
RESPONSE,26,2
RESPONSE,26,6
RESPONSE,26,4
RESPONSE,26,6
RESPONSE,26,4
RESPONSE,26,6
RESPONSE,26,2
RESPONSE,26,12
RESPONSE,26,3
RESPONSE,26,53
RESPONSE,26,2
RESPONSE,26,9
RESPONSE,26,10
RESPONSE,26,9
RESPONSE,26,7
RESPONSE,26,61
RESPONSE,26,3
RESPONSE,26,7
RESPONSE,26,8
RESPONSE,26,11
RESPONSE,26,8
RESPONSE,26,57
RESPONSE,26,7
RESPONSE,26,10
RESPONSE,26,3
RESPONSE,26,3
RESPONSE,26,5
RESPONSE,26,61
RESPONSE,26,8
RESPONSE,26,7
RESPONSE,26,4
RESPONSE,26,4
RESPONSE,26,3
RESPONSE,26,11
RESPONSE,26,5
RESPONSE,26,55
RESPONSE,26,8
RESPONSE,26,9
RESPONSE,26,6
RESPONSE,26,8
RESPONSE,26,63
RESPONSE,26,7
RESPONSE,26,7
RESPONSE,26,9
RESPONSE,26,3
RESPONSE,26,9
RESPONSE,26,10
RESPONSE,26,57
RESPONSE,26,9
RESPONSE,26,10
RESPONSE,26,3
RESPONSE,26,10
RESPONSE,26,59
RESPONSE,26,9
RESPONSE,26,5
RESPONSE,26,8
RESPONSE,26,3
RESPONSE,26,5
RESPONSE,26,7
RESPONSE,26,54
RESPONSE,26,8
RESPONSE,26,4
RESPONSE,26,7
RESPONSE,26,11
RESPONSE,26,8
RESPONSE,26,60
RESPONSE,26,8
RESPONSE,26,4
RESPONSE,26,11
RESPONSE,26,7
RESPONSE,26,3
RESPONSE,26,63
RESPONSE,26,2
RESPONSE,26,10
RESPONSE,26,10
RESPONSE,26,3
RESPONSE,26,4
RESPONSE,26,9
RESPONSE,26,2
RESPONSE,26,60
RESPONSE,26,8
RESPONSE,26,9
RESPONSE,26,10
RESPONSE,26,4
RESPONSE,26,58
RESPONSE,26,9
RESPONSE,26,2
RESPONSE,26,9
RESPONSE,26,3
RESPONSE,26,9
RESPONSE,26,10
RESPONSE,26,56
RESPONSE,26,9
RESPONSE,26,3
RESPONSE,26,3
RESPONSE,26,3
RESPONSE,26,3
RESPONSE,26,8
RESPONSE,26,5
RESPONSE,26,59
RESPONSE,26,5
RESPONSE,26,3
RESPONSE,26,3
RESPONSE,26,3
RESPONSE,26,2
RESPONSE,26,3
RESPONSE,26,2
RESPONSE,26,7
RESPONSE,26,2
RESPONSE,26,4
RESPONSE,26,3
RESPONSE,26,54
RESPONSE,26,10
RESPONSE,26,7
RESPONSE,26,8
RESPONSE,26,2
RESPONSE,26,4
RESPONSE,26,3
RESPONSE,26,58
RESPONSE,26,3
RESPONSE,26,7
RESPONSE,26,8
RESPONSE,26,8
RESPONSE,26,7
RESPONSE,26,3
RESPONSE,26,60
RESPONSE,26,6
RESPONSE,26,10
RESPONSE,26,8
RESPONSE,26,4
RESPONSE,26,9
RESPONSE,26,3
RESPONSE,26,2
RESPONSE,26,52
RESPONSE,26,3
RESPONSE,26,9
RESPONSE,26,4
RESPONSE,26,4
RESPONSE,26,3
RESPONSE,26,3
RESPONSE,26,9
RESPONSE,26,63
RESPONSE,26,9
RESPONSE,26,8
RESPONSE,26,7
RESPONSE,26,7
RESPONSE,26,7
RESPONSE,26,56
RESPONSE,26,6
RESPONSE,26,11
RESPONSE,26,8
RESPONSE,26,10
RESPONSE,26,7
RESPONSE,26,60
RESPONSE,26,4
RESPONSE,26,9
RESPONSE,26,10
RESPONSE,26,5
RESPONSE,26,6
RESPONSE,26,56
RESPONSE,26,3
RESPONSE,26,4
RESPONSE,26,4
RESPONSE,26,2
RESPONSE,26,9
RESPONSE,26,3
RESPONSE,26,8
RESPONSE,26,2
RESPONSE,26,3
RESPONSE,26,61
RESPONSE,26,4
RESPONSE,26,7
RESPONSE,26,7
RESPONSE,26,4
RESPONSE,26,3
RESPONSE,26,2
RESPONSE,26,2
RESPONSE,26,61
RESPONSE,26,3
RESPONSE,26,4
RESPONSE,26,3
RESPONSE,26,4
RESPONSE,26,3
RESPONSE,26,10
RESPONSE,26,5
RESPONSE,26,6
RESPONSE,26,60
RESPONSE,26,9
RESPONSE,26,3
RESPONSE,26,8
RESPONSE,26,5
RESPONSE,26,9
RESPONSE,26,3
RESPONSE,26,3
RESPONSE,26,52
RESPONSE,26,9
RESPONSE,26,8
RESPONSE,26,5
RESPONSE,26,4
RESPONSE,26,3
RESPONSE,26,10
RESPONSE,26,3
RESPONSE,26,52
RESPONSE,26,8
RESPONSE,26,3
RESPONSE,26,9
RESPONSE,26,4
RESPONSE,26,4
RESPONSE,26,3
RESPONSE,26,6
RESPONSE,26,62
RESPONSE,26,7
RESPONSE,26,7
RESPONSE,26,4
RESPONSE,26,2
RESPONSE,26,3
RESPONSE,26,7
RESPONSE,26,8
RESPONSE,26,59
RESPONSE,26,7
RESPONSE,26,3
RESPONSE,26,9
RESPONSE,26,8
RESPONSE,26,9
RESPONSE,26,57
RESPONSE,26,3
RESPONSE,26,3
RESPONSE,26,7
RESPONSE,26,6
RESPONSE,27,7
RESPONSE,27,4
RESPONSE,27,35
RESPONSE,27,6
RESPONSE,27,7
RESPONSE,27,8
RESPONSE,27,7
RESPONSE,27,4
RESPONSE,27,7
RESPONSE,27,55
RESPONSE,27,3
RESPONSE,27,9
RESPONSE,27,9
RESPONSE,27,8
RESPONSE,27,6
RESPONSE,27,55
RESPONSE,27,8
RESPONSE,27,3
RESPONSE,27,4
RESPONSE,27,5
RESPONSE,27,3
RESPONSE,27,2
RESPONSE,27,9
RESPONSE,27,7
RESPONSE,27,52
RESPONSE,27,2
RESPONSE,27,5
RESPONSE,27,8
RESPONSE,27,3
RESPONSE,27,8
RESPONSE,27,6
RESPONSE,27,7
RESPONSE,27,56
RESPONSE,27,3
RESPONSE,27,3
RESPONSE,27,3
RESPONSE,27,9
RESPONSE,27,9
RESPONSE,27,11
RESPONSE,27,58
RESPONSE,27,9
RESPONSE,27,3
RESPONSE,27,3
RESPONSE,27,4
RESPONSE,27,4
RESPONSE,27,3
RESPONSE,27,4
RESPONSE,27,3
RESPONSE,27,58
RESPONSE,27,7
RESPONSE,27,2
RESPONSE,27,3
RESPONSE,27,3
RESPONSE,27,6
RESPONSE,27,10
RESPONSE,27,3
RESPONSE,27,3
RESPONSE,27,60
RESPONSE,27,6
RESPONSE,27,10
RESPONSE,27,3
RESPONSE,27,7
RESPONSE,27,8
RESPONSE,27,2
RESPONSE,27,3
RESPONSE,27,52
RESPONSE,27,3
RESPONSE,27,4
RESPONSE,27,7
RESPONSE,27,3
RESPONSE,27,9
RESPONSE,27,4
RESPONSE,27,3
RESPONSE,27,3
RESPONSE,27,62
RESPONSE,27,8
RESPONSE,27,8
RESPONSE,27,9
RESPONSE,27,11
RESPONSE,27,54
RESPONSE,27,7
RESPONSE,27,10
RESPONSE,27,6
RESPONSE,27,8
RESPONSE,27,8
RESPONSE,27,7
RESPONSE,27,56
RESPONSE,27,4
RESPONSE,27,10
RESPONSE,27,4
RESPONSE,27,6
RESPONSE,27,6
RESPONSE,27,8
RESPONSE,27,58
RESPONSE,27,2
RESPONSE,27,4
RESPONSE,27,7
RESPONSE,27,7
RESPONSE,27,9
RESPONSE,27,4
RESPONSE,27,4
RESPONSE,27,58
RESPONSE,27,4
RESPONSE,27,10
RESPONSE,27,10
RESPONSE,27,8
RESPONSE,27,3
RESPONSE,27,58
RESPONSE,27,9
RESPONSE,27,3
RESPONSE,27,9
RESPONSE,27,9
RESPONSE,27,10
RESPONSE,27,56
RESPONSE,27,10
RESPONSE,27,5
RESPONSE,27,3
RESPONSE,27,10
RESPONSE,27,8
RESPONSE,27,60
RESPONSE,27,2
RESPONSE,27,8
RESPONSE,27,10
RESPONSE,27,7
RESPONSE,27,7
RESPONSE,27,8
RESPONSE,27,55
RESPONSE,27,8
RESPONSE,27,5
RESPONSE,27,7
RESPONSE,27,10
RESPONSE,27,7
RESPONSE,27,2
RESPONSE,27,54
RESPONSE,27,3
RESPONSE,27,7
RESPONSE,27,8
RESPONSE,27,4
RESPONSE,27,3
RESPONSE,27,8
RESPONSE,27,8
RESPONSE,27,60
RESPONSE,27,2
RESPONSE,27,3
RESPONSE,27,5
RESPONSE,27,3
RESPONSE,27,3
RESPONSE,27,4
RESPONSE,27,3
RESPONSE,27,7
RESPONSE,27,7
RESPONSE,27,52
RESPONSE,27,10
RESPONSE,27,3
RESPONSE,27,3
RESPONSE,27,8
RESPONSE,27,4
RESPONSE,27,8
RESPONSE,27,61
RESPONSE,27,8
RESPONSE,27,7
RESPONSE,27,8
RESPONSE,27,10
RESPONSE,27,61
RESPONSE,27,3
RESPONSE,27,5
RESPONSE,27,10
RESPONSE,27,4
RESPONSE,27,10
RESPONSE,27,4
RESPONSE,27,56
RESPONSE,27,7
RESPONSE,27,4
RESPONSE,27,11
RESPONSE,27,11
RESPONSE,27,4
RESPONSE,27,60
RESPONSE,27,9
RESPONSE,27,11
RESPONSE,27,4
RESPONSE,27,7
RESPONSE,27,8
RESPONSE,27,56
RESPONSE,27,7
RESPONSE,27,3
RESPONSE,27,3
RESPONSE,27,3
RESPONSE,27,3
RESPONSE,27,2
RESPONSE,27,5
RESPONSE,27,2
RESPONSE,27,3
RESPONSE,27,4
RESPONSE,27,2
RESPONSE,27,57
RESPONSE,27,3
RESPONSE,27,8
RESPONSE,27,8
RESPONSE,27,8
RESPONSE,27,7
RESPONSE,27,58
RESPONSE,27,4
RESPONSE,27,7
RESPONSE,27,10
RESPONSE,27,8
RESPONSE,27,3
RESPONSE,27,3
RESPONSE,27,59
RESPONSE,27,8
RESPONSE,27,3
RESPONSE,27,3
RESPONSE,27,8
RESPONSE,27,11
RESPONSE,27,4
RESPONSE,27,11
RESPONSE,27,56
RESPONSE,27,4
RESPONSE,27,10
RESPONSE,27,9
RESPONSE,27,5
RESPONSE,27,2
RESPONSE,27,6
RESPONSE,27,56
RESPONSE,27,5
RESPONSE,27,8
RESPONSE,27,8
RESPONSE,27,9
RESPONSE,27,8
RESPONSE,27,57
RESPONSE,27,5
RESPONSE,27,5
RESPONSE,27,4
RESPONSE,27,4
RESPONSE,27,3
RESPONSE,27,3
RESPONSE,27,6
RESPONSE,27,3
RESPONSE,27,3
RESPONSE,27,2
RESPONSE,28,3
RESPONSE,28,3
RESPONSE,28,3
RESPONSE,28,8
RESPONSE,28,3
RESPONSE,28,6
RESPONSE,28,50
RESPONSE,28,11
RESPONSE,28,3
RESPONSE,28,8
RESPONSE,28,3
RESPONSE,28,4
RESPONSE,28,4
RESPONSE,28,4
RESPONSE,28,5
RESPONSE,28,56
RESPONSE,28,8
RESPONSE,28,5
RESPONSE,28,7
RESPONSE,28,7
RESPONSE,28,5
RESPONSE,28,60
RESPONSE,28,3
RESPONSE,28,6
RESPONSE,28,8
RESPONSE,28,9
RESPONSE,28,8
RESPONSE,28,4
RESPONSE,28,4
RESPONSE,28,50
RESPONSE,28,3
RESPONSE,28,3
RESPONSE,28,3
RESPONSE,28,8
RESPONSE,28,9
RESPONSE,28,9
RESPONSE,28,3
RESPONSE,28,3
RESPONSE,28,55
RESPONSE,28,7
RESPONSE,28,4
RESPONSE,28,10
RESPONSE,28,8
RESPONSE,28,9
RESPONSE,28,62
RESPONSE,28,2
RESPONSE,28,10
RESPONSE,28,8
RESPONSE,28,7
RESPONSE,28,6
RESPONSE,28,63
RESPONSE,28,6
RESPONSE,28,8
RESPONSE,28,9
RESPONSE,28,8
RESPONSE,28,61
RESPONSE,28,9
RESPONSE,28,10
RESPONSE,28,3
RESPONSE,28,6
RESPONSE,28,8
RESPONSE,28,3
RESPONSE,28,62
RESPONSE,28,10
RESPONSE,28,9
RESPONSE,28,4
RESPONSE,28,8
RESPONSE,28,3
RESPONSE,28,57
RESPONSE,28,8
RESPONSE,28,11
RESPONSE,28,4
RESPONSE,28,5
RESPONSE,28,8
RESPONSE,28,61
RESPONSE,28,10
RESPONSE,28,4
RESPONSE,28,2
RESPONSE,28,7
RESPONSE,28,9
RESPONSE,28,10
RESPONSE,28,62
RESPONSE,28,4
RESPONSE,28,3
RESPONSE,28,3
RESPONSE,28,3
RESPONSE,28,2
RESPONSE,28,7
RESPONSE,28,4
RESPONSE,28,3
RESPONSE,28,5
RESPONSE,28,52
RESPONSE,28,3
RESPONSE,28,3
RESPONSE,28,10
RESPONSE,28,5
RESPONSE,28,5
RESPONSE,28,8
RESPONSE,28,60
RESPONSE,28,11
RESPONSE,28,4
RESPONSE,28,9
RESPONSE,28,6
RESPONSE,28,8
RESPONSE,28,8
RESPONSE,28,56
RESPONSE,28,10
RESPONSE,28,2
RESPONSE,28,11
RESPONSE,28,3
RESPONSE,28,8
RESPONSE,28,59
RESPONSE,28,5
RESPONSE,28,3
RESPONSE,28,6
RESPONSE,28,4
RESPONSE,28,4
RESPONSE,28,3
RESPONSE,28,3
RESPONSE,28,3
RESPONSE,28,3
RESPONSE,28,58
RESPONSE,28,8
RESPONSE,28,2
RESPONSE,28,7
RESPONSE,28,8
RESPONSE,28,3
RESPONSE,28,10
RESPONSE,28,4
RESPONSE,28,52
RESPONSE,28,7
RESPONSE,28,3
RESPONSE,28,3
RESPONSE,28,3
RESPONSE,28,4
RESPONSE,28,9
RESPONSE,28,8
RESPONSE,28,62
RESPONSE,28,12
RESPONSE,28,9
RESPONSE,28,4
RESPONSE,28,8
RESPONSE,28,58
RESPONSE,28,9
RESPONSE,28,3
RESPONSE,28,4
RESPONSE,28,9
RESPONSE,28,10
RESPONSE,28,64
RESPONSE,28,10
RESPONSE,28,9
RESPONSE,28,3
RESPONSE,28,9
RESPONSE,28,8
RESPONSE,28,56
RESPONSE,28,3
RESPONSE,28,9
RESPONSE,28,8
RESPONSE,28,8
RESPONSE,28,8
RESPONSE,28,62
RESPONSE,28,10
RESPONSE,28,6
RESPONSE,28,4
RESPONSE,28,4
RESPONSE,28,3
RESPONSE,28,9
RESPONSE,28,57
RESPONSE,28,9
RESPONSE,28,9
RESPONSE,28,8
RESPONSE,28,3
RESPONSE,28,6
RESPONSE,28,62
RESPONSE,28,9
RESPONSE,28,9
RESPONSE,28,7
RESPONSE,28,10
RESPONSE,28,4
RESPONSE,28,3
RESPONSE,28,57
RESPONSE,28,3
RESPONSE,28,5
RESPONSE,28,8
RESPONSE,28,3
RESPONSE,28,3
RESPONSE,28,11
RESPONSE,28,62
RESPONSE,28,11
RESPONSE,28,4
RESPONSE,28,7
RESPONSE,28,7
RESPONSE,28,9
RESPONSE,28,55
RESPONSE,28,8
RESPONSE,28,3
RESPONSE,28,7
RESPONSE,28,5
RESPONSE,28,3
RESPONSE,28,2
RESPONSE,28,62
RESPONSE,28,4
RESPONSE,28,7
RESPONSE,28,4
RESPONSE,28,4
RESPONSE,28,3
RESPONSE,28,5
RESPONSE,28,9
RESPONSE,28,62
RESPONSE,28,10
RESPONSE,28,6
RESPONSE,28,8
RESPONSE,28,11
RESPONSE,28,4
RESPONSE,28,55
RESPONSE,28,5
RESPONSE,28,3
RESPONSE,28,9
RESPONSE,28,9
RESPONSE,28,3
RESPONSE,28,2
RESPONSE,28,3
RESPONSE,28,60
RESPONSE,28,2
RESPONSE,28,3
RESPONSE,28,8
RESPONSE,28,2
RESPONSE,28,2
RESPONSE,28,4
RESPONSE,28,6
RESPONSE,28,4
RESPONSE,28,8
RESPONSE,28,58
RESPONSE,28,4
RESPONSE,28,4
RESPONSE,28,2
RESPONSE,28,3
RESPONSE,28,3
RESPONSE,28,3
RESPONSE,29,6
RESPONSE,29,13
RESPONSE,29,2
RESPONSE,29,4
RESPONSE,29,11
RESPONSE,29,3
RESPONSE,29,7
RESPONSE,29,4
RESPONSE,29,5
RESPONSE,29,6
RESPONSE,29,61
RESPONSE,29,7
RESPONSE,29,7
RESPONSE,29,9
RESPONSE,29,2
RESPONSE,29,10
RESPONSE,29,52
RESPONSE,29,11
RESPONSE,29,10
RESPONSE,29,4
RESPONSE,29,6
RESPONSE,29,4
RESPONSE,29,6
RESPONSE,29,7
RESPONSE,29,50
RESPONSE,29,2
RESPONSE,29,8
RESPONSE,29,7
RESPONSE,29,7
RESPONSE,29,7
RESPONSE,29,3
RESPONSE,29,4
RESPONSE,29,58
RESPONSE,29,9
RESPONSE,29,9
RESPONSE,29,9
RESPONSE,29,9
RESPONSE,29,56
RESPONSE,29,8
RESPONSE,29,3
RESPONSE,29,8
RESPONSE,29,7
RESPONSE,29,9
RESPONSE,29,9
RESPONSE,29,50
RESPONSE,29,8
RESPONSE,29,3
RESPONSE,29,10
RESPONSE,29,11
RESPONSE,29,8
RESPONSE,29,3
RESPONSE,29,56
RESPONSE,29,10
RESPONSE,29,2
RESPONSE,29,3
RESPONSE,29,10
RESPONSE,29,9
RESPONSE,29,8
RESPONSE,29,53
RESPONSE,29,10
RESPONSE,29,7
RESPONSE,29,6
RESPONSE,29,8
RESPONSE,29,62
RESPONSE,29,9
RESPONSE,29,4
RESPONSE,29,4
RESPONSE,29,10
RESPONSE,29,7
RESPONSE,29,7
RESPONSE,29,5
RESPONSE,29,56
RESPONSE,29,7
RESPONSE,29,7
RESPONSE,29,10
RESPONSE,29,7
RESPONSE,29,3
RESPONSE,29,56
RESPONSE,29,9
RESPONSE,29,7
RESPONSE,29,4
RESPONSE,29,3
RESPONSE,29,3
RESPONSE,29,10
RESPONSE,29,3
RESPONSE,29,61
RESPONSE,29,9
RESPONSE,29,2
RESPONSE,29,3
RESPONSE,29,6
RESPONSE,29,7
RESPONSE,29,3
RESPONSE,29,62
RESPONSE,29,3
RESPONSE,29,3
RESPONSE,29,2
RESPONSE,29,3
RESPONSE,29,3
RESPONSE,29,7
RESPONSE,29,2
RESPONSE,29,7
RESPONSE,29,9
RESPONSE,29,56
RESPONSE,29,10
RESPONSE,29,4
RESPONSE,29,10
RESPONSE,29,3
RESPONSE,29,6
RESPONSE,29,61
RESPONSE,29,3
RESPONSE,29,9
RESPONSE,29,10
RESPONSE,29,2
RESPONSE,29,4
RESPONSE,29,4
RESPONSE,29,7
RESPONSE,29,61
RESPONSE,29,7
RESPONSE,29,7
RESPONSE,29,8
RESPONSE,29,4
RESPONSE,29,10
RESPONSE,29,53
RESPONSE,29,9
RESPONSE,29,11
RESPONSE,29,3
RESPONSE,29,7
RESPONSE,29,3
RESPONSE,29,9
RESPONSE,29,62
RESPONSE,29,3
RESPONSE,29,4
RESPONSE,29,4
RESPONSE,29,6
RESPONSE,29,3
RESPONSE,29,4
RESPONSE,29,4
RESPONSE,29,4
RESPONSE,29,56
RESPONSE,29,7
RESPONSE,29,7
RESPONSE,29,4
RESPONSE,29,8
RESPONSE,29,8
RESPONSE,29,8
RESPONSE,29,3
RESPONSE,29,54
RESPONSE,29,7
RESPONSE,29,9
RESPONSE,29,3
RESPONSE,29,2
RESPONSE,29,3
RESPONSE,29,10
RESPONSE,29,6
RESPONSE,29,53
RESPONSE,29,10
RESPONSE,29,8
RESPONSE,29,7
RESPONSE,29,4
RESPONSE,29,7
RESPONSE,29,63
RESPONSE,29,10
RESPONSE,29,9
RESPONSE,29,9
RESPONSE,29,7
RESPONSE,29,55
RESPONSE,29,9
RESPONSE,29,11
RESPONSE,29,4
RESPONSE,29,9
RESPONSE,29,2
RESPONSE,29,6
RESPONSE,29,60
RESPONSE,29,7
RESPONSE,29,5
RESPONSE,29,3
RESPONSE,29,2
RESPONSE,29,4
RESPONSE,29,2
RESPONSE,29,3
RESPONSE,29,2
RESPONSE,29,9
RESPONSE,29,52
RESPONSE,29,3
RESPONSE,29,11
RESPONSE,29,7
RESPONSE,29,9
RESPONSE,29,8
RESPONSE,29,58
RESPONSE,29,10
RESPONSE,29,10
RESPONSE,29,4
RESPONSE,29,3
RESPONSE,29,3
RESPONSE,29,64
RESPONSE,29,7
RESPONSE,29,4
RESPONSE,29,8
RESPONSE,29,3
RESPONSE,29,7
RESPONSE,29,9
RESPONSE,29,59
RESPONSE,29,8
RESPONSE,29,8
RESPONSE,29,3
RESPONSE,29,9
RESPONSE,29,6
RESPONSE,29,61
RESPONSE,29,3
RESPONSE,29,3
RESPONSE,29,4
RESPONSE,29,8
RESPONSE,29,9
RESPONSE,29,10
RESPONSE,29,8
RESPONSE,29,54
RESPONSE,29,2
RESPONSE,29,5
RESPONSE,29,3
RESPONSE,29,5
RESPONSE,29,4
RESPONSE,29,11
RESPONSE,29,2
RESPONSE,29,4
RESPONSE,29,59
RESPONSE,29,3
RESPONSE,29,3
RESPONSE,29,3
RESPONSE,29,4
RESPONSE,29,3
RESPONSE,29,6
RESPONSE,29,9
RESPONSE,29,60
RESPONSE,29,4
RESPONSE,29,4
RESPONSE,29,3
RESPONSE,29,3
RESPONSE,29,3
RESPONSE,29,2
